"Número do Pedido";E-mail;Data;"Status do Pedido";"Status do Pagamento";"Status do Envio";Moeda;Subtotal;Desconto;"Valor do Frete";Total;"Nome do comprador";"CPF / CNPJ";Telefone;"Nome para a entrega";"Telefone para a entrega";Endereço;Número;Complemento;Bairro;Cidade;"Código postal";Estado;País;"Forma de Entrega";"Forma de Pagamento";"Cupom de Desconto";"Anotações do Comprador";"Anotações do Vendedor";"Data de pagamento";"Data de envío";"Nome do Produto";"Valor do Produto";"Quantidade Comprada";SKU;Canal;"Código de rastreio do envio";"Identificador da transação no meio de pagamento";"Identificador do pedido";"Produto Fisico";"Pessoa que registrou a venda";"Local de venda";Vendedor;"Data e hora do cancelamento";"Motivo do cancelamento";"Pedido editado";"Saldo a cobrar / estornar";Estorno;Taxas;Parcelas;Juros;"Devolução dos custos";"Total líquido";"Meio de pagamento";"Dados do cartão";"Retirar dinheiro a partir de";"Data de estorno";"Vencimento do pagamento";"Link do pedido";"Venda original"
295;laurahg10c@gmail.com;"01/07/2026 14:16:21";Aberto;Confirmado;"Não está embalado";BRL;1015;50.75;0;964.25;"Laura Galvão de Oliveira";04371346014;+5554981614610;"Laura Galvão de Oliveira";+5554981614610;"Rua Aurelio Bitencurt ";250;602;centro;Garibaldi;95720000;"Rio Grande do Sul";Brasil;"Olist Envios Correios SEDEX";"Nuvem Pago";;"Meu comentário é para a Cat na verdade.  Eu sempre acompanhei ela, e sempre me identifiquei muito com ela, ela é uma pessoa que me inspira diariamente. Era meu sonho ter uma peça da marca dela e finalmente consegui (mais do que uma inclusive) Beijos Cat, sempre vou te amar";;01/07/2026;;"Regata Clássica Canelada Algodão (Preta, PP)";119;1;ROSIE-RCA-PT-PP;Mobile;"=""""";4459482529;2004544552;Sim;;;;;;Não;;;9.55;;;;954.70;Pix;;"01/07/2026 14:17:33";;"02/07/2026 14:17:20";https://lojarosie2.lojavirtualnuvem.com.br/admin/orders/2004544552;
295;laurahg10c@gmail.com;;;;;;;;;;;;;;;;;;;;;;;;;;;;;;"Regata Clássica Canelada Algodão (Rosa, PP)";119;1;ROSIE-RCA-RS-PP;;;;;Sim;;;;;;;;;;;;;;;;;;;;
295;laurahg10c@gmail.com;;;;;;;;;;;;;;;;;;;;;;;;;;;;;;"Mini Shorts Clássico Canelado Algodão (Preta, P)";99;1;ROSIE-MSC-PT-P;;;;;Sim;;;;;;;;;;;;;;;;;;;;
295;laurahg10c@gmail.com;;;;;;;;;;;;;;;;;;;;;;;;;;;;;;"Mini Shorts Clássico Canelado Algodão (Rosa, P)";99;1;ROSIE-MSC-RS-P;;;;;Sim;;;;;;;;;;;;;;;;;;;;
295;laurahg10c@gmail.com;;;;;;;;;;;;;;;;;;;;;;;;;;;;;;"Calça Reta Jeans - Dirty (Dirty, 40)";579;1;ROSIE-CRJ-DT-40;;;;;Sim;;;;;;;;;;;;;;;;;;;;
294;teste.teste@teste.com.br;"01/07/2026 13:15:57";Aberto;Pendente;"Não está embalado";BRL;39;1.95;9.9;46.95;"Teste Teste";10366185950;+551140028922;"Teste teste";+551140028922;"Travessa João Augusto Becker";SN;;Remédios;Osasco;06296300;"São Paulo";Brasil;"Olist Envios Pax";"Nuvem Pago";;;;;;"Faixa de Cabelo - Canelada (Mescla)";39;1;ROSIE-FCC-ME;"Loja virtual";"=""""";4459397107;2008339875;Sim;;;;;;Não;;;;;;;;Pix;;;;"02/07/2026 13:16:56";https://lojarosie2.lojavirtualnuvem.com.br/admin/orders/2008339875;
293;mariaclarapedrozo@hotmail.com;"01/07/2026 13:05:28";Aberto;Confirmado;"Não está embalado";BRL;486;24.30;0;461.7;"Maria Clara Pedrozo";13705871986;+5541997657866;"Maria Clara Pedrozo";+5541997657866;"Rua Luiz Ronaldo Canalli";3175;"Apto306 torre 1";"Campo Comprido";Curitiba;81230162;Paraná;Brasil;"Olist Envios J&T Express";"Nuvem Pago";;;;01/07/2026;;"Calça Clássica - Canelada (Off White, M)";297;1;ROSIE-CCC-OW-M;Mobile;"=""""";4459382436;2008328314;Sim;;;;;;Não;;;4.57;;;;457.13;Pix;;"01/07/2026 13:06:12";;"02/07/2026 13:06:27";https://lojarosie2.lojavirtualnuvem.com.br/admin/orders/2008328314;
293;mariaclarapedrozo@hotmail.com;;;;;;;;;;;;;;;;;;;;;;;;;;;;;;"Camiseta Boxer - Pima (Preta, M)";189;1;ROSIE-CBP-PT-M;;;;;Sim;;;;;;;;;;;;;;;;;;;;
292;mariajuliapfp@icloud.com;"01/07/2026 12:23:52";Aberto;Confirmado;"Não está embalado";BRL;896;0.00;0;896;"Maria Julia Pizzolato";06736824397;+5581992038128;"Maria Julia Pizzolato";+5581992038128;"Rua Senador Cândido Ferraz";1820;"Ap 13";Jóquei;Teresina;64049250;Piauí;Brasil;"Olist Envios J&T Express";"Nuvem Pago";;;;01/07/2026;;"Calça Reta Jeans - Dirty (Dirty, 40)";579;1;ROSIE-CRJ-DT-40;Mobile;"=""""";000349947887;2008285660;Sim;;;;;;Não;;;54.92;2;;;841.08;"Cartão de crédito";"Mastercard ****6622";"01/07/2026 12:23:56";;;https://lojarosie2.lojavirtualnuvem.com.br/admin/orders/2008285660;
292;mariajuliapfp@icloud.com;;;;;;;;;;;;;;;;;;;;;;;;;;;;;;"Regata Clássica Canelada Algodão (Preta, PP)";119;1;ROSIE-RCA-PT-PP;;;;;Sim;;;;;;;;;;;;;;;;;;;;
292;mariajuliapfp@icloud.com;;;;;;;;;;;;;;;;;;;;;;;;;;;;;;"Mini Shorts Clássico Canelado Algodão (Preta, P)";99;1;ROSIE-MSC-PT-P;;;;;Sim;;;;;;;;;;;;;;;;;;;;
292;mariajuliapfp@icloud.com;;;;;;;;;;;;;;;;;;;;;;;;;;;;;;"Mini Shorts Clássico Canelado Algodão (Off White, P)";99;1;ROSIE-MSC-OW-P;;;;;Sim;;;;;;;;;;;;;;;;;;;;
291;claraxbrito@gmail.com;"01/07/2026 11:21:46";Aberto;Confirmado;"Não está embalado";BRL;494;0.00;0;494;"Clara Brito";14889006710;+5521967078157;"Clara Brito";+5521967078157;"Avenida Flamboyants da Península";155;"Apto 903, bloco 4";"Barra da Tijuca";"Rio de Janeiro";22776070;"Rio de Janeiro";Brasil;"Olist Envios Correios SEDEX";"Nuvem Pago";;;;01/07/2026;;"Calça Clássica - Canelada (Preta, P)";297;1;ROSIE-CCC-PT-P;Mobile;"=""""";000144682370;2006591691;Sim;;;;;;Não;;;30.43;2;;;463.57;"Cartão de crédito";"Mastercard ****3858";"01/07/2026 11:21:51";;;https://lojarosie2.lojavirtualnuvem.com.br/admin/orders/2006591691;
291;claraxbrito@gmail.com;;;;;;;;;;;;;;;;;;;;;;;;;;;;;;"Camiseta Clássica - Canelada (Preta, M)";197;1;ROSIE-CMC-PT-M;;;;;Sim;;;;;;;;;;;;;;;;;;;;
290;fernandacgsa1210@gmail.com;"30/06/2026 18:07:53";Aberto;Confirmado;"Não está embalado";BRL;1158;57.90;0;1100.1;"Fernanda Guimarães";11388613670;+553171463632;"Fernanda Guimarães";+553171463632;"Rua Pium-I";1601;"apto 201";Cruzeiro;"Belo Horizonte";30310080;"Minas Gerais";Brasil;"Olist Envios Correios SEDEX";"Nuvem Pago";;;;30/06/2026;;"Calça Reta Jeans - Dirty (Dirty, 40)";579;1;ROSIE-CRJ-DT-40;Mobile;"=""""";4458421746;2006372251;Sim;;;;;;Não;;;10.89;;;;1089.21;Pix;;"30/06/2026 18:11:19";;"01/07/2026 18:08:50";https://lojarosie2.lojavirtualnuvem.com.br/admin/orders/2006372251;
290;fernandacgsa1210@gmail.com;;;;;;;;;;;;;;;;;;;;;;;;;;;;;;"Calça Reta Jeans - Escuro (Escuro, 40)";579;1;ROSIE-CRJ-ES-40;;;;;Sim;;;;;;;;;;;;;;;;;;;;
289;gabirossetto2005@gmail.com;"30/06/2026 15:40:20";Aberto;Confirmado;"Não está embalado";BRL;698;34.90;0;663.1;"Gabriela Rossetto";76175642953;+5511988813723;"Gabriela Rossetto";+5511988813723;"Rua Helena";250;"Apt 404";"Vila Olímpia";"São Paulo";04552050;"São Paulo";Brasil;"Olist Envios Pax";"Nuvem Pago";;;;30/06/2026;;"Calça Reta Jeans - Claro (Claro, 36)";579;1;ROSIE-CRJ-CL-36;Mobile;"=""""";4458245392;2007589838;Sim;;;;;;Não;;;6.56;;;;656.54;Pix;;"30/06/2026 15:41:56";;"01/07/2026 15:41:17";https://lojarosie2.lojavirtualnuvem.com.br/admin/orders/2007589838;
289;gabirossetto2005@gmail.com;;;;;;;;;;;;;;;;;;;;;;;;;;;;;;"Regata Clássica Canelada Algodão (Rosa, P)";119;1;ROSIE-RCA-RS-P;;;;;Sim;;;;;;;;;;;;;;;;;;;;
288;robertalazeredo@hotmail.com;"30/06/2026 13:37:12";Aberto;Confirmado;"Não está embalado";BRL;436;0.00;0;436;"Roberta Azeredo";15813172718;+5521971009905;"Roberta Azeredo";+5521971009905;"Rua Ribeiro de Almeida";40;;Barreto;Niterói;24110149;"Rio de Janeiro";Brasil;"Olist Envios Correios SEDEX";"Nuvem Pago";;;;30/06/2026;;"Regata Clássica Canelada Algodão (Rosa, PP)";119;2;ROSIE-RCA-RS-PP;"Loja virtual";"=""""";000710929824;2002271488;Sim;;;;;;Não;;;37.37;4;;;398.63;"Cartão de crédito";"Mastercard ****8359";"30/06/2026 13:37:18";;;https://lojarosie2.lojavirtualnuvem.com.br/admin/orders/2002271488;
288;robertalazeredo@hotmail.com;;;;;;;;;;;;;;;;;;;;;;;;;;;;;;"Mini Shorts Clássico Canelado Algodão (Rosa, PP)";99;2;ROSIE-MSC-RS-PP;;;;;Sim;;;;;;;;;;;;;;;;;;;;
287;vemees2705@gmail.com;"29/06/2026 22:32:01";Aberto;Confirmado;"Não está embalado";BRL;39;0.00;16.86;55.86;"Verônica Mees";13952800961;+5548991426661;"Verônica Mees";+5548991426661;"Rua Siena";336;;Pagani;Palhoça;88132233;"Santa Catarina";Brasil;"Olist Envios GFL";"Nuvem Pago";;;;29/06/2026;;"Faixa de Cabelo - Canelada (Rosa)";39;1;ROSIE-FCC-RS;Mobile;"=""""";000159921208;2003238615;Sim;;;;;;Não;;;2.41;1;;;53.45;"Cartão de crédito";"Mastercard ****3079";"29/06/2026 22:32:07";;;https://lojarosie2.lojavirtualnuvem.com.br/admin/orders/2003238615;
286;matteuccisantos22@gmail.com;"29/06/2026 21:31:52";Aberto;Confirmado;"Não está embalado";BRL;78;3.90;10.68;84.78;"Lucas Matteucci";43165589860;+5511971490424;"Lucas Matteucci";+5511971490424;"Rua Capitão Luís Ramos";329;;"Vila Guilherme";"São Paulo";02066011;"São Paulo";Brasil;"Olist Envios Pax";"Nuvem Pago";;;;29/06/2026;;"Faixa de Cabelo - Canelada (Mescla)";39;1;ROSIE-FCC-ME;Mobile;"=""""";4457441371;2007088565;Sim;;;;;;Não;;;0.84;;;;83.94;Pix;;"29/06/2026 21:34:12";;"30/06/2026 21:32:50";https://lojarosie2.lojavirtualnuvem.com.br/admin/orders/2007088565;
286;matteuccisantos22@gmail.com;;;;;;;;;;;;;;;;;;;;;;;;;;;;;;"Faixa de Cabelo - Canelada (Preta)";39;1;ROSIE-FCC-PT;;;;;Sim;;;;;;;;;;;;;;;;;;;;
285;anneclara2019@gmail.com;"29/06/2026 18:40:15";Aberto;Confirmado;"Não está embalado";BRL;119;5.95;21.28;134.33;"Anne Coelho";60904454363;+5598984636784;"Anne Coelho";+5598984636784;"Rua Professor Pinho Rodrigues";3;"Edifício La Rochelle apto 204";Renascença;"São Luís";65075740;Maranhão;Brasil;"Olist Envios J&T Express";"Nuvem Pago";;;;29/06/2026;;"Regata Clássica Canelada Algodão (Off White, P)";119;1;ROSIE-RCA-OW-P;Mobile;"=""""";4457286826;2006964346;Sim;;;;;;Não;;;1.33;;;;133.00;Pix;;"29/06/2026 18:40:46";;"30/06/2026 18:41:13";https://lojarosie2.lojavirtualnuvem.com.br/admin/orders/2006964346;
284;rutiele8@gmail.com;"29/06/2026 11:18:56";Aberto;Confirmado;"Não está embalado";BRL;579;57.90;0;521.1;"Rutiele Araujo";07003966166;+5561992536886;"Rutiele Araujo";+5561992536886;"Setor Habitacional Sol Nascente";24;"Cond Vitoria Chac 125 Cj E casa 24A";"Ceilândia Sul";Brasília;72236800;"Distrito Federal";Brasil;"Olist Envios J&T Express";"Nuvem Pago";WEADOREYOU;;;29/06/2026;;"Calça Reta Jeans - Dirty (Dirty, 36)";579;1;ROSIE-CRJ-DT-36;Mobile;"=""""";000854901050;2006654667;Sim;;;;;;Não;;;50.84;5;;;470.26;"Cartão de crédito";"Mastercard ****0961";"29/06/2026 11:19:21";;;https://lojarosie2.lojavirtualnuvem.com.br/admin/orders/2006654667;
283;rebeccaperng@hotmail.com;"29/06/2026 09:45:14";Aberto;Confirmado;"Não está embalado";BRL;189;0.00;11.46;200.46;"Rebecca Perng";06601632929;+5547992083388;"Rebecca Perng";+5547992083388;"Avenida Lavandisca";627;"Apt 224";Indianópolis;"São Paulo";04515011;"São Paulo";Brasil;"Olist Envios Pax";"Nuvem Pago";;;;29/06/2026;;"Camiseta Boxer - Pima (Preta, M)";189;1;ROSIE-CBP-PT-M;Mobile;"=""""";000512922377;2003917727;Sim;;;;;;Não;;;12.56;2;;;187.90;"Cartão de crédito";"Mastercard ****8693";"29/06/2026 09:45:20";;;https://lojarosie2.lojavirtualnuvem.com.br/admin/orders/2003917727;
282;paolabbrait@gmail.com;"29/06/2026 00:23:27";Aberto;Confirmado;"Não está embalado";BRL;494;0.00;0;494;"Paola Bettoni Brait";07229043123;+5567981861023;"Paola Bettoni Brait";+5567981861023;"Rua João Fagundes de Menezes";4180;;"Jardim Europa";Dourados;79826530;"Mato Grosso do Sul";Brasil;"Olist Envios Jadlog";"Nuvem Pago";;;;29/06/2026;;"Camiseta Clássica - Canelada (Mescla, PP)";197;1;ROSIE-CMC-ME-PP;Mobile;"=""""";000325908980;2005316231;Sim;;;;;;Não;;;18.58;1;;;475.42;"Cartão de crédito";"Mastercard ****7867";"29/06/2026 00:23:33";;;https://lojarosie2.lojavirtualnuvem.com.br/admin/orders/2005316231;
282;paolabbrait@gmail.com;;;;;;;;;;;;;;;;;;;;;;;;;;;;;;"Calça Clássica - Canelada (Mescla, PP)";297;1;ROSIE-CCC-ME-PP;;;;;Sim;;;;;;;;;;;;;;;;;;;;
281;alicefpimentel2002@gmail.com;"28/06/2026 23:17:00";Aberto;Confirmado;Entregue;BRL;257;61.68;12.1;207.42;"Alice Pimentel";23926476826;+5511952271075;"Alice Pimentel";+5511952271075;"Rua Deputado Laércio Corte";1300;"Apartamento 11";"Paraíso do Morumbi";"São Paulo";05706290;"São Paulo";Brasil;"Olist Envios Pax";"Nuvem Pago";BRUNACERVIERI20;;;28/06/2026;01/07/2026;"Mini Shorts Clássico - Paetê (P)";257;1;ROSIE-MSP-P;"Loja virtual";"=""P0X875BCE1X9Z6""";4456317823;2006399955;Sim;;;;;;Não;;;2.05;;;;205.37;Pix;;"28/06/2026 23:17:31";;"29/06/2026 23:17:59";https://lojarosie2.lojavirtualnuvem.com.br/admin/orders/2006399955;
280;livia_uca@hotmail.com;"28/06/2026 22:26:55";Aberto;Confirmado;"Não está embalado";BRL;1073;53.65;0;1019.35;"Livia Alves";45207060848;+5553999221710;"Livia Alves";+5553999221710;"Avenida Almirante Cochrane";83;"apto 31";Embaré;Santos;11040001;"São Paulo";Brasil;"Olist Envios J&T Express";"Nuvem Pago";;;;28/06/2026;;"Calça Reta Jeans - Claro (Claro, 38)";579;1;ROSIE-CRJ-CL-38;"Loja virtual";"=""""";4456287727;2005715930;Sim;;;;;;Não;;;10.09;;;;1009.26;Pix;;"28/06/2026 22:27:46";;"29/06/2026 22:27:54";https://lojarosie2.lojavirtualnuvem.com.br/admin/orders/2005715930;
280;livia_uca@hotmail.com;;;;;;;;;;;;;;;;;;;;;;;;;;;;;;"Calça Clássica - Canelada (Mescla, P)";297;1;ROSIE-CCC-ME-P;;;;;Sim;;;;;;;;;;;;;;;;;;;;
280;livia_uca@hotmail.com;;;;;;;;;;;;;;;;;;;;;;;;;;;;;;"Camiseta Clássica - Canelada (Mescla, P)";197;1;ROSIE-CMC-ME-P;;;;;Sim;;;;;;;;;;;;;;;;;;;;
279;ISABELLA.GADAMI@GMAIL.COM;"28/06/2026 12:28:33";Aberto;Confirmado;"Não está embalado";BRL;1226;61.30;0;1164.7;"Isabella ADAMI";12270198905;+5541999972912;"Isabella ADAMI";+5541999972912;"Rua Gutemberg";49;301;Batel;Curitiba;80420030;Paraná;Brasil;"Olist Envios J&T Express";"Nuvem Pago";;;;28/06/2026;;"Regata Clássica Canelada Algodão (Preta, P)";119;1;ROSIE-RCA-PT-P;Mobile;"=""""";4455631516;2005820299;Sim;;;;;;Não;;;11.53;;;;1153.17;Pix;;"28/06/2026 12:29:13";;"29/06/2026 12:29:32";https://lojarosie2.lojavirtualnuvem.com.br/admin/orders/2005820299;
279;ISABELLA.GADAMI@GMAIL.COM;;;;;;;;;;;;;;;;;;;;;;;;;;;;;;"Calça Clássica - Canelada (Preta, P)";297;1;ROSIE-CCC-PT-P;;;;;Sim;;;;;;;;;;;;;;;;;;;;
279;ISABELLA.GADAMI@GMAIL.COM;;;;;;;;;;;;;;;;;;;;;;;;;;;;;;"Calça Clássica - Canelada (Mescla, P)";297;1;ROSIE-CCC-ME-P;;;;;Sim;;;;;;;;;;;;;;;;;;;;
279;ISABELLA.GADAMI@GMAIL.COM;;;;;;;;;;;;;;;;;;;;;;;;;;;;;;"Regata Clássica Canelada Algodão (Mescla, P)";119;1;ROSIE-RCA-ME-P;;;;;Sim;;;;;;;;;;;;;;;;;;;;
279;ISABELLA.GADAMI@GMAIL.COM;;;;;;;;;;;;;;;;;;;;;;;;;;;;;;"Camiseta Clássica - Canelada (Preta, P)";197;1;ROSIE-CMC-PT-P;;;;;Sim;;;;;;;;;;;;;;;;;;;;
279;ISABELLA.GADAMI@GMAIL.COM;;;;;;;;;;;;;;;;;;;;;;;;;;;;;;"Camiseta Clássica - Canelada (Mescla, P)";197;1;ROSIE-CMC-ME-P;;;;;Sim;;;;;;;;;;;;;;;;;;;;
278;clarahelena2611@gmail.com;"28/06/2026 11:11:36";Aberto;Confirmado;Enviado;BRL;99;4.95;14.48;108.53;"Clara De Sá";52349097862;+5511995572604;"Clara De Sá";+5511995572604;"Rua Vinicius de Moraes";83;;"Terras de Mont Serrat";Salto;13327159;"São Paulo";Brasil;"Olist Envios J&T Express";"Nuvem Pago";;;;28/06/2026;30/06/2026;"Mini Shorts Clássico Canelado Algodão (Preta, P)";99;1;ROSIE-MSC-PT-P;Mobile;"=""888030793637009""";4455546536;2005854925;Sim;;;;;;Não;;;1.07;;;;107.46;Pix;;"28/06/2026 11:12:33";;"29/06/2026 11:12:35";https://lojarosie2.lojavirtualnuvem.com.br/admin/orders/2005854925;
277;mariagianna.souoli@gmail.com;"28/06/2026 09:03:56";Aberto;Confirmado;Enviado;BRL;494;24.70;0;469.3;"Maria Souza";71675341451;+5583991287799;"Maria Souza";+5583991287799;"Avenida João Cirilo da Silva";1700;"Condomínio Vila Real, Casa 132";"Altiplano Cabo Branco";"João Pessoa";58046005;Paraíba;Brasil;"Olist Envios Correios SEDEX";"Nuvem Pago";;;;28/06/2026;30/06/2026;"Calça Clássica - Canelada (Marrom, M)";297;1;ROSIE-CCC-MR-M;Mobile;"=""AD622560710BR""";4455424196;2005777209;Sim;;;;;;Não;;;4.65;;;;464.65;Pix;;"28/06/2026 09:21:38";;"29/06/2026 09:04:55";https://lojarosie2.lojavirtualnuvem.com.br/admin/orders/2005777209;
277;mariagianna.souoli@gmail.com;;;;;;;;;;;;;;;;;;;;;;;;;;;;;;"Camiseta Clássica - Canelada (Marrom, P)";197;1;ROSIE-CMC-MR-P;;;;;Sim;;;;;;;;;;;;;;;;;;;;
276;mgelas@icloud.com;"27/06/2026 22:56:40";Aberto;Confirmado;Enviado;BRL;579;83.96;0;495.04;"Marcia Gelas";09636993858;+5514991611686;"Marcia Gelas";+5514991611686;"Rua Elaine dos Santos";300;;"Parque das Esmeraldas";Marília;17516685;"São Paulo";Brasil;"Olist Envios J&T Express";"Nuvem Pago";ROSIEDUDAFELIPE;;;27/06/2026;30/06/2026;"Calça Reta Jeans - Dirty (Dirty, 36)";579;1;ROSIE-CRJ-DT-36;Mobile;"=""888030794525490""";4455201838;2005651239;Sim;;;;;;Não;;;4.90;;;;490.14;Pix;;"27/06/2026 22:57:09";;"28/06/2026 22:57:38";https://lojarosie2.lojavirtualnuvem.com.br/admin/orders/2005651239;
275;anna_amorimm@hotmail.com;"27/06/2026 20:45:49";Aberto;Confirmado;"Não está embalado";BRL;579;115.80;0;463.2;"Anna Paula Amorim";35932231807;+5519989388460;"Anna Paula Amorim";+5519989388460;"Avenida Santo Amaro";1342;"APTO 2112 - 21 ANDAR ";"Vila Nova Conceição";"São Paulo";04506001;"São Paulo";Brasil;"Olist Envios IMile";"Nuvem Pago";BRUNACERVIERI20;;;27/06/2026;;"Calça Reta Jeans - Claro (Claro, 40)";579;1;ROSIE-CRJ-CL-40;"Loja virtual";"=""""";000547645794;2005022368;Sim;;;;;;Não;;;39.68;4;;;423.52;"Cartão de crédito";"Mastercard ****8325";"27/06/2026 20:45:54";;;https://lojarosie2.lojavirtualnuvem.com.br/admin/orders/2005022368;
274;carolinadossantosdaflon@gmail.com;"27/06/2026 18:14:25";Aberto;Confirmado;Enviado;BRL;494;0.00;0;494;"Carolina Daflon";16734142736;+5521997677560;"Carolina Daflon";+5521997677560;"Rua Geógrafo Amora";501;"G2 ";Piratininga;Niterói;24350590;"Rio de Janeiro";Brasil;"Olist Envios J&T Express";"Nuvem Pago";;;;27/06/2026;30/06/2026;"Calça Clássica - Canelada (Preta, P)";297;1;ROSIE-CCC-PT-P;Mobile;"=""888030791124871""";000423890805;2001268652;Sim;;;;;;Não;;;36.36;3;;;457.64;"Cartão de crédito";"Mastercard ****1468";"27/06/2026 18:14:30";;;https://lojarosie2.lojavirtualnuvem.com.br/admin/orders/2001268652;
274;carolinadossantosdaflon@gmail.com;;;;;;;;;;;;;;;;;;;;;;;;;;;;;;"Camiseta Clássica - Canelada (Preta, M)";197;1;ROSIE-CMC-PT-M;;;;;Sim;;;;;;;;;;;;;;;;;;;;
273;gabigames2127@gmail.com;"27/06/2026 18:03:46";Aberto;Confirmado;Enviado;BRL;99;4.95;10.68;104.73;"Gabriela Lino";55248450802;+5511991065410;"Gabriela Lino";+5511991065410;"Avenida Açocê";50;"Apto 2105";Indianópolis;"São Paulo";04075020;"São Paulo";Brasil;"Olist Envios Pax";"Nuvem Pago";;;;27/06/2026;30/06/2026;"Mini Shorts Clássico Canelado Algodão (Preta, M)";99;1;ROSIE-MSC-PT-M;"Loja virtual";"=""P0X570OL4377F8""";4454893077;2005486730;Sim;;;;;;Não;;;1.04;;;;103.69;Pix;;"27/06/2026 18:04:19";;"28/06/2026 18:04:45";https://lojarosie2.lojavirtualnuvem.com.br/admin/orders/2005486730;
272;helenacaradec@gmail.com;"27/06/2026 13:06:19";Aberto;Confirmado;Enviado;BRL;297;14.85;12.46;294.61;"Helena caradec";49095070867;+5511959655000;"Helena caradec";+5511959655000;"Rua Apiacás";688;121;Perdizes;"São Paulo";05017020;"São Paulo";Brasil;"Olist Envios Pax";"Nuvem Pago";;;;27/06/2026;30/06/2026;"Calça Clássica - Canelada (Marrom, M)";297;1;ROSIE-CCC-MR-M;Mobile;"=""P0XQK8DJAON11Q""";4454584924;2005308048;Sim;;;;;;Não;;;2.92;;;;291.69;Pix;;"27/06/2026 13:07:04";;"28/06/2026 13:07:18";https://lojarosie2.lojavirtualnuvem.com.br/admin/orders/2005308048;
271;BEBELLUXTOLEDO@GMAIL.COM;"27/06/2026 12:33:45";Aberto;Confirmado;"Não está embalado";BRL;772;77.20;0;694.8;"Eduardo Duarte";02193959188;+5562999727125;"Isabella Machado";+5562999727125;"Quadra SQS 413 Bloco N";SN;"apto 210 (última portaria E)";"Asa Sul";Brasília;70296140;"Distrito Federal";Brasil;"Olist Envios Correios SEDEX";"Nuvem Pago";ROSIEDUDAFELIPE;;;27/06/2026;;"Faixa de Cabelo - Canelada (Preta)";39;1;ROSIE-FCC-PT;Mobile;"=""""";000343874844;2005139064;Sim;;;;;;Não;;;67.68;5;;;627.12;"Cartão de crédito";"Visa ****4363";"27/06/2026 12:33:49";;;https://lojarosie2.lojavirtualnuvem.com.br/admin/orders/2005139064;
271;BEBELLUXTOLEDO@GMAIL.COM;;;;;;;;;;;;;;;;;;;;;;;;;;;;;;"Mini Shorts Clássico Canelado Algodão (Off White, P)";99;1;ROSIE-MSC-OW-P;;;;;Sim;;;;;;;;;;;;;;;;;;;;
271;BEBELLUXTOLEDO@GMAIL.COM;;;;;;;;;;;;;;;;;;;;;;;;;;;;;;"Regata Clássica Canelada Algodão (Off White, P)";119;1;ROSIE-RCA-OW-P;;;;;Sim;;;;;;;;;;;;;;;;;;;;
271;BEBELLUXTOLEDO@GMAIL.COM;;;;;;;;;;;;;;;;;;;;;;;;;;;;;;"Mini Shorts Clássico Canelado Algodão (Preta, P)";99;1;ROSIE-MSC-PT-P;;;;;Sim;;;;;;;;;;;;;;;;;;;;
271;BEBELLUXTOLEDO@GMAIL.COM;;;;;;;;;;;;;;;;;;;;;;;;;;;;;;"Calça Clássica - Canelada (Preta, P)";297;1;ROSIE-CCC-PT-P;;;;;Sim;;;;;;;;;;;;;;;;;;;;
271;BEBELLUXTOLEDO@GMAIL.COM;;;;;;;;;;;;;;;;;;;;;;;;;;;;;;"Regata Clássica Canelada Algodão (Preta, P)";119;1;ROSIE-RCA-PT-P;;;;;Sim;;;;;;;;;;;;;;;;;;;;
270;mariagianna.souoli@gmail.com;"27/06/2026 08:48:05";Cancelado;Vencido;"Não está embalado";BRL;494;24.70;0;469.3;"Maria Souza";71675341451;+5583991287799;"Maria Souza";+5583991287799;"Avenida João Cirilo da Silva";1700;"Condomínio Vila Real, Casa 132";"Altiplano Cabo Branco";"João Pessoa";58046005;Paraíba;Brasil;"Olist Envios Correios SEDEX";"Nuvem Pago";;;;;;"Calça Clássica - Canelada (Marrom, M)";297;1;ROSIE-CCC-MR-M;Mobile;"=""""";4454317776;2005114040;Sim;;;;"28/06/2026 08:51:31";"Cancelamento automático";Não;;;;;;;;Pix;;;;"28/06/2026 08:49:03";https://lojarosie2.lojavirtualnuvem.com.br/admin/orders/2005114040;
270;mariagianna.souoli@gmail.com;;;;;;;;;;;;;;;;;;;;;;;;;;;;;;"Camiseta Clássica - Canelada (Marrom, P)";197;1;ROSIE-CMC-MR-P;;;;;Sim;;;;;;;;;;;;;;;;;;;;
269;luizevitorio20@gmail.com;"27/06/2026 08:25:37";Aberto;Confirmado;"Não está embalado";BRL;579;28.95;0;550.05;"Luize Vitório";03516840188;+5565999193113;"Luize Vitório";+5565999193113;"Rua Santa Efigênia";14;;"Jardim Santa Marta";Cuiabá;78043610;"Mato Grosso";Brasil;"Olist Envios IMile";"Nuvem Pago";;;;27/06/2026;;"Calça Reta Jeans - Dirty (Dirty, 40)";579;1;ROSIE-CRJ-DT-40;Mobile;"=""""";4454300758;2005133070;Sim;;;;;;Não;;;5.45;;;;544.60;Pix;;"27/06/2026 08:26:18";;"28/06/2026 08:26:36";https://lojarosie2.lojavirtualnuvem.com.br/admin/orders/2005133070;
268;gonzalezcaroline@icloud.com;"26/06/2026 17:52:19";Aberto;Confirmado;Entregue;BRL;396;0.00;13.36;409.36;"Caroline Gonzalez";47064147840;+5511997965547;"Caroline Gonzalez";+5511997965547;"Rua Forte William";75;"Apto 51X";"Jardim Fonte do Morumbi";"São Paulo";05704110;"São Paulo";Brasil;"Olist Envios Pax";"Nuvem Pago";;;;26/06/2026;01/07/2026;"Calça Clássica - Canelada (Mescla, M)";297;1;ROSIE-CCC-ME-M;Mobile;"=""P0X3JYT92HB4C9""";000217878112;2004810480;Sim;;;;;;Não;;;15.46;1;;;393.90;"Cartão de crédito";"Mastercard ****4469";"26/06/2026 17:52:25";;;https://lojarosie2.lojavirtualnuvem.com.br/admin/orders/2004810480;
268;gonzalezcaroline@icloud.com;;;;;;;;;;;;;;;;;;;;;;;;;;;;;;"Mini Shorts Clássico Canelado Algodão (Mescla, M)";99;1;ROSIE-MSC-ME-M;;;;;Sim;;;;;;;;;;;;;;;;;;;;
267;nandapafranco@gmail.com;"26/06/2026 11:13:41";Aberto;Confirmado;Enviado;BRL;218;0.00;17.04;235.04;"Maria FRANCO";09437786542;+5571982001994;"Maria FRANCO";+5571982001994;"Rua Santa Helena";159;"apto 1002";Pituba;Salvador;41830430;Bahia;Brasil;"Olist Envios J&T Express";"Nuvem Pago";;;;26/06/2026;30/06/2026;"Mini Shorts Clássico Canelado Algodão (Off White, M)";99;1;ROSIE-MSC-OW-M;Mobile;"=""888030786754699""";000339620389;2004547915;Sim;;;;;;Não;;;14.66;2;;;220.38;"Cartão de crédito";"Mastercard ****3661";"26/06/2026 11:13:45";;;https://lojarosie2.lojavirtualnuvem.com.br/admin/orders/2004547915;
267;nandapafranco@gmail.com;;;;;;;;;;;;;;;;;;;;;;;;;;;;;;"Regata Clássica Canelada Algodão (Mescla, M)";119;1;ROSIE-RCA-ME-M;;;;;Sim;;;;;;;;;;;;;;;;;;;;
266;vicalv94@gmail.com;"26/06/2026 11:01:50";Aberto;Confirmado;"Não está embalado";BRL;579;115.80;0;463.2;"Victoria Alvarez";43640288866;+5514996316041;"Victoria Alvarez";+5514996316041;"Avenida Doutor Cardoso de Melo";291;"apt 51";"Vila Olímpia";"São Paulo";04548001;"São Paulo";Brasil;"Olist Envios IMile";"Nuvem Pago";BRUNACERVIERI20;;;26/06/2026;;"Calça Reta Jeans - Dirty (Dirty, 36)";579;1;ROSIE-CRJ-DT-36;Mobile;"=""""";000948857312;2004527080;Sim;;;;;;Não;;;28.56;2;;;434.64;"Cartão de crédito";"Mastercard ****0254";"26/06/2026 11:01:51";;;https://lojarosie2.lojavirtualnuvem.com.br/admin/orders/2004527080;
265;contatoamyreis@hotmail.com;"26/06/2026 09:16:59";Aberto;Confirmado;Enviado;BRL;189;0.00;19.82;208.82;"Amalia Reis";04555345355;+5585988424409;"Amalia Reis";+5585988424409;"Rua Deusdedit Costa Sousa";55;"Apto 803";Cocó;Fortaleza;60192460;Ceará;Brasil;"Olist Envios J&T Express";"Nuvem Pago";;;;26/06/2026;30/06/2026;"Camiseta Boxer - Pima (Preta, M)";189;1;ROSIE-CBP-PT-M;Mobile;"=""888030794317595""";000658618285;2004457403;Sim;;;;;;Não;;;13.07;2;;;195.75;"Cartão de crédito";"Visa ****4098";"26/06/2026 09:17:06";;;https://lojarosie2.lojavirtualnuvem.com.br/admin/orders/2004457403;
264;agorasoulinda@yahoo.com;"26/06/2026 03:43:35";Aberto;Confirmado;Entregue;BRL;533;0.00;0;533;"Juliana Motta";11614898782;+5521974080161;"Juliana Motta";+5521974080161;"Rua João Moura";636;"apt 152";Pinheiros;"São Paulo";05412004;"São Paulo";Brasil;"Olist Envios Pax";"Nuvem Pago";;;;26/06/2026;01/07/2026;"Camiseta Clássica - Canelada (Rosa, P)";197;1;ROSIE-CMC-RS-P;Mobile;"=""P0XH8BCPYT4FHT""";000333864902;2004368305;Sim;;;;;;Não;;;32.81;2;;;500.19;"Cartão de crédito";"Mastercard ****8636";"26/06/2026 03:43:41";;;https://lojarosie2.lojavirtualnuvem.com.br/admin/orders/2004368305;
264;agorasoulinda@yahoo.com;;;;;;;;;;;;;;;;;;;;;;;;;;;;;;"Calça Clássica - Canelada (Rosa, P)";297;1;ROSIE-CCC-RS-P;;;;;Sim;;;;;;;;;;;;;;;;;;;;
264;agorasoulinda@yahoo.com;;;;;;;;;;;;;;;;;;;;;;;;;;;;;;"Faixa de Cabelo - Canelada (Rosa)";39;1;ROSIE-FCC-RS;;;;;Sim;;;;;;;;;;;;;;;;;;;;
263;naracbueno@icloud.com;"25/06/2026 17:12:06";Aberto;Confirmado;Entregue;BRL;768;0.00;0;768;"Nara Bueno";17431036892;+5511996310334;"Nara Bueno";+5511996310334;"Rua Paiaguás";75;"Apto 141";"Vila Congonhas";"São Paulo";04624080;"São Paulo";Brasil;"Olist Envios Pax";"Nuvem Pago";;;;25/06/2026;29/06/2026;"Calça Reta Jeans - Dirty (Dirty, 40)";579;1;ROSIE-CRJ-DT-40;Mobile;"=""P0XIRCA2FD5GUW""";000205594145;2004007122;Sim;;;;;;Não;;;83.99;6;;;684.01;"Cartão de crédito";"Amex ****9732";"25/06/2026 17:12:10";;;https://lojarosie2.lojavirtualnuvem.com.br/admin/orders/2004007122;
263;naracbueno@icloud.com;;;;;;;;;;;;;;;;;;;;;;;;;;;;;;"Camiseta Boxer - Pima (Preta, M)";189;1;ROSIE-CBP-PT-M;;;;;Sim;;;;;;;;;;;;;;;;;;;;
262;yasminmarques_11@hotmail.com;"25/06/2026 16:11:09";Aberto;Confirmado;Enviado;BRL;357;0.00;82.4;439.4;"Samira Ladeira";70980985749;+5522998907427;"Samira Ladeira";+5522998907427;"Rua Inah Borges Junger";143;;"Jardim Valeria";"Bom Jesus do Itabapoana";28360000;"Rio de Janeiro";Brasil;"Olist Envios Correios SEDEX";"Nuvem Pago";;;;25/06/2026;26/06/2026;"Regata Clássica Canelada Algodão (Rosa, PP)";119;1;ROSIE-RCA-RS-PP;"Loja virtual";"=""AD614227346BR""";000106608485;2003984942;Sim;;;;;;Não;;;16.56;1;;;422.84;"Cartão de crédito";"Mastercard ****1916";"25/06/2026 16:11:17";;;https://lojarosie2.lojavirtualnuvem.com.br/admin/orders/2003984942;
262;yasminmarques_11@hotmail.com;;;;;;;;;;;;;;;;;;;;;;;;;;;;;;"Regata Clássica Canelada Algodão (Off White, PP)";119;1;ROSIE-RCA-OW-PP;;;;;Sim;;;;;;;;;;;;;;;;;;;;
262;yasminmarques_11@hotmail.com;;;;;;;;;;;;;;;;;;;;;;;;;;;;;;"Regata Clássica Canelada Algodão (Preta, PP)";119;1;ROSIE-RCA-PT-PP;;;;;Sim;;;;;;;;;;;;;;;;;;;;
261;paolaboggiobiazzi@gmail.com;"25/06/2026 14:20:33";Aberto;Confirmado;Entregue;BRL;494;0.00;0;494;"Paola Boggio Biazzi";41171693869;+5511999958988;"Paola Boggio Biazzi";+5511999958988;"Avenida das Magnólias";99;"Casa ";"Cidade Jardim";"São Paulo";05674000;"São Paulo";Brasil;"Olist Envios Pax";"Nuvem Pago";;;;25/06/2026;29/06/2026;"Camiseta Clássica - Canelada (Marrom, P)";197;1;ROSIE-CMC-MR-P;"Loja virtual";"=""P0X7838POKY6G5""";000031608261;2002371226;Sim;;;;;;Não;;;30.43;2;;;463.57;"Cartão de crédito";"Mastercard ****0045";"25/06/2026 14:20:38";;;https://lojarosie2.lojavirtualnuvem.com.br/admin/orders/2002371226;
261;paolaboggiobiazzi@gmail.com;;;;;;;;;;;;;;;;;;;;;;;;;;;;;;"Calça Clássica - Canelada (Marrom, P)";297;1;ROSIE-CCC-MR-P;;;;;Sim;;;;;;;;;;;;;;;;;;;;
260;vemees2705@gmail.com;"24/06/2026 16:09:32";Aberto;Confirmado;Entregue;BRL;119;0.00;16.92;135.92;"Verônica Mees";13952800961;+5548991426661;"Verônica Mees";+5548991426661;"Rua Siena";336;;Pagani;Palhoça;88132233;"Santa Catarina";Brasil;"Olist Envios IMile";"Nuvem Pago";;;;24/06/2026;01/07/2026;"Regata Clássica Canelada Algodão (Rosa, PP)";119;1;ROSIE-RCA-RS-PP;Mobile;"=""6062626659209""";4451061471;2003236187;Sim;;;;;;Não;;;5.37;1;;;130.55;"Cartão de crédito";"Mastercard ****3079";"24/06/2026 16:09:38";;;https://lojarosie2.lojavirtualnuvem.com.br/admin/orders/2003236187;
259;manuella.novais@Hotmail.com;"24/06/2026 14:56:27";Aberto;Confirmado;Enviado;BRL;593;0.00;0;593;"Manuella Novais";06220706579;+5571991368088;"Manuella Novais";+5571991368088;"Rua Esperanto";233;"Apto 1203";Graça;Salvador;40150160;Bahia;Brasil;"Olist Envios IMile";"Nuvem Pago";;;;24/06/2026;26/06/2026;"Calça Clássica - Canelada (Off White, M)";297;1;ROSIE-CCC-OW-M;Mobile;"=""6062626860610""";4450972233;2003097793;Sim;;;;;;Não;;;22.23;4;27.11;;543.66;"Cartão de crédito";"Mastercard ****6884";"24/06/2026 14:56:32";;;https://lojarosie2.lojavirtualnuvem.com.br/admin/orders/2003097793;
259;manuella.novais@Hotmail.com;;;;;;;;;;;;;;;;;;;;;;;;;;;;;;"Camiseta Clássica - Canelada (Off White, M)";197;1;ROSIE-CMC-OW-M;;;;;Sim;;;;;;;;;;;;;;;;;;;;
259;manuella.novais@Hotmail.com;;;;;;;;;;;;;;;;;;;;;;;;;;;;;;"Mini Shorts Clássico Canelado Algodão (Mescla, P)";99;1;ROSIE-MSC-ME-P;;;;;Sim;;;;;;;;;;;;;;;;;;;;
258;teste_2131235@gmail.com;"24/06/2026 10:47:35";Cancelado;Vencido;"Não está embalado";BRL;357;17.85;16.68;355.83;"Teste Testador";85746653047;+5588999991111;"Teste testador";+5588999991111;"Rua H8B";123;;"Campus do CTA";"São José dos Campos";12228461;"São Paulo";Brasil;"Olist Envios IMile";"Nuvem Pago";;;;;;"Set Clássico - Neon (Electric Blue, P)";357;1;ROSIE-SRS-EB-P;"Loja virtual";"=""""";4450685978;1998158087;Sim;;;;"25/06/2026 10:51:36";"Cancelamento automático";Não;;;;;;;;Pix;;;;"25/06/2026 10:48:33";https://lojarosie2.lojavirtualnuvem.com.br/admin/orders/1998158087;
257;marafaob@gmail.com;"23/06/2026 20:59:19";Aberto;Confirmado;Entregue;BRL;119;5.95;13.66;126.71;"Bianca Marafão";04546597258;+5541998096341;"Bianca Marafão";+5541998096341;"Rua Adelmo Arkanjo Bissi";213;;Cachoeira;Curitiba;82220400;Paraná;Brasil;"Olist Envios J&T Express";"Nuvem Pago";;;;23/06/2026;28/06/2026;"Regata Clássica Canelada Algodão (Rosa, P)";119;1;ROSIE-RCA-RS-P;"Loja virtual";"=""888030788343519""";4450241162;2002671622;Sim;;;;;;Não;;;1.25;;;;125.46;Pix;;"23/06/2026 20:59:53";;"24/06/2026 21:00:18";https://lojarosie2.lojavirtualnuvem.com.br/admin/orders/2002671622;
256;boramiannahas1@gmail.com;"23/06/2026 18:20:42";Aberto;Confirmado;Entregue;BRL;494;24.70;0;469.3;"Borami Annahas";15252115958;+5545991190081;"Borami Annahas";+5545991190081;"Avenida Pedro Basso";341;"apartamento 1804";"Polo Centro";"Foz do Iguaçu";85863756;Paraná;Brasil;"Olist Envios J&T Express";"Nuvem Pago";;;;23/06/2026;30/06/2026;"Camiseta Clássica - Canelada (Off White, P)";197;1;ROSIE-CMC-OW-P;"Loja virtual";"=""888030784716070""";4450055380;1998451634;Sim;;;;;;Não;;;4.65;;;;464.65;Pix;;"23/06/2026 18:23:36";;"24/06/2026 18:21:41";https://lojarosie2.lojavirtualnuvem.com.br/admin/orders/1998451634;
256;boramiannahas1@gmail.com;;;;;;;;;;;;;;;;;;;;;;;;;;;;;;"Calça Clássica - Canelada (Off White, P)";297;1;ROSIE-CCC-OW-P;;;;;Sim;;;;;;;;;;;;;;;;;;;;
255;Paolaboggiobiazzi@gmail.com;"23/06/2026 16:12:30";Aberto;Confirmado;Entregue;BRL;494;0.00;0;494;"Paola Boggio Biazzi";41171693869;+5511999958988;"Paola Boggio Biazzi";+5511999958988;"Avenida das Magnólias";99;"Casa ";"Cidade Jardim";"São Paulo";05674000;"São Paulo";Brasil;"Olist Envios Pax";"Nuvem Pago";;;;23/06/2026;25/06/2026;"Camiseta Clássica - Canelada (Rosa, P)";197;1;ROSIE-CMC-RS-P;Mobile;"=""P0XW00UXMGVAVY""";4449895309;2002018601;Sim;;;;;;Não;;;18.58;2;11.35;;464.07;"Cartão de crédito";"Mastercard ****0045";"23/06/2026 16:12:36";;;https://lojarosie2.lojavirtualnuvem.com.br/admin/orders/2002018601;
255;Paolaboggiobiazzi@gmail.com;;;;;;;;;;;;;;;;;;;;;;;;;;;;;;"Calça Clássica - Canelada (Rosa, P)";297;1;ROSIE-CCC-RS-P;;;;;Sim;;;;;;;;;;;;;;;;;;;;
254;leticiacolombobringel@gmail.com;"23/06/2026 12:02:42";Aberto;Confirmado;Entregue;BRL;189;9.45;11.46;191.01;"Leticia Bringel";36782917831;+5511982528696;"Leticia Bringel";+5511982528696;"Rua Luiz Seráphico Júnior";380;"apto 1104A";"Jardim Caravelas";"São Paulo";04729080;"São Paulo";Brasil;"Olist Envios Pax";"Nuvem Pago";;;;23/06/2026;25/06/2026;"Regata Muscle - Pima (Off White, P)";189;1;ROSIE-RMP-OW-P;Mobile;"=""P0XRV617BXF1BT""";4449607037;2002275851;Sim;;;;;;Não;;;1.89;;;;189.12;Pix;;"23/06/2026 12:04:17";;"24/06/2026 12:03:41";https://lojarosie2.lojavirtualnuvem.com.br/admin/orders/2002275851;
253;gabriela.prist@icloud.com;"22/06/2026 11:37:15";Aberto;Confirmado;Entregue;BRL;494;0.00;0;494;"Leon Alexander Prist";10479726892;+5511943277900;"Gabriela Prist";+5511943277900;"Alameda Itu";547;"ap 21";"Jardim Paulista";"São Paulo";01421000;"São Paulo";Brasil;"Olist Envios Pax";"Nuvem Pago";;;;22/06/2026;23/06/2026;"Camiseta Clássica - Canelada (Marrom, P)";197;1;ROSIE-CMC-MR-P;Mobile;"=""P0XTB994WPGWI5""";4448411134;2001471221;Sim;;;;;;Não;;;18.58;1;;;475.42;"Cartão de crédito";"Amex ****2889";"22/06/2026 11:37:18";;;https://lojarosie2.lojavirtualnuvem.com.br/admin/orders/2001471221;
253;gabriela.prist@icloud.com;;;;;;;;;;;;;;;;;;;;;;;;;;;;;;"Calça Clássica - Canelada (Marrom, P)";297;1;ROSIE-CCC-MR-P;;;;;Sim;;;;;;;;;;;;;;;;;;;;
252;carolsolera@hotmail.com;"22/06/2026 00:28:21";Aberto;Confirmado;Entregue;BRL;494;0.00;0;494;"Carolina machado";27508559851;+5511963452441;"Carolina machado";+5511963452441;"Avenida Lopes de Azevedo";1336;"casa 4";"Jardim Guedala";"São Paulo";05603001;"São Paulo";Brasil;"Olist Envios Pax";"Nuvem Pago";;;;22/06/2026;23/06/2026;"Calça Clássica - Canelada (Rosa, P)";297;1;ROSIE-CCC-RS-P;Mobile;"=""P0XC9Q3TEV0FFL""";4447988632;2001269337;Sim;;;;;;Não;;;18.58;1;;;475.42;"Cartão de crédito";"Mastercard ****0320";"22/06/2026 00:28:25";;;https://lojarosie2.lojavirtualnuvem.com.br/admin/orders/2001269337;
252;carolsolera@hotmail.com;;;;;;;;;;;;;;;;;;;;;;;;;;;;;;"Camiseta Clássica - Canelada (Rosa, P)";197;1;ROSIE-CMC-RS-P;;;;;Sim;;;;;;;;;;;;;;;;;;;;
251;ferrarienzzox@gmail.com;"21/06/2026 23:49:21";Aberto;Confirmado;Entregue;BRL;218;0.00;20.44;238.44;"Enzo Ferrari";54466623856;+5519998951571;"Enzo Ferrari";+5519998951571;"Rua Faustina Deny Stifter";138;;"Jardim Esplanada II";Indaiatuba;13331580;"São Paulo";Brasil;"Olist Envios Correios SEDEX";"Nuvem Pago";;;;21/06/2026;24/06/2026;"Mini Shorts Clássico Canelado Algodão (Rosa, M)";99;1;ROSIE-MSC-RS-M;"Loja virtual";"=""AD598524476BR""";4447971379;2001248587;Sim;;;;;;Não;;;9.15;2;5.47;;223.82;"Cartão de crédito";"Visa ****6316";"21/06/2026 23:49:27";;;https://lojarosie2.lojavirtualnuvem.com.br/admin/orders/2001248587;
251;ferrarienzzox@gmail.com;;;;;;;;;;;;;;;;;;;;;;;;;;;;;;"Regata Clássica Canelada Algodão (Rosa, M)";119;1;ROSIE-RCA-RS-M;;;;;Sim;;;;;;;;;;;;;;;;;;;;
250;lauratalmeida2010@gmail.com;"21/06/2026 15:37:38";Aberto;Confirmado;Entregue;BRL;494;24.70;0;469.3;"Laura Trujillo Almeida  Rodrigues";56727082855;+5511970574976;"Laura Trujillo Almeida  Rodrigues";+5511970574976;"Rua Professor Ladislau Peter";80;"Casa 06";"Jardim Everest";"São Paulo";05602060;"São Paulo";Brasil;"Olist Envios Pax";"Nuvem Pago";;;;21/06/2026;23/06/2026;"Calça Clássica - Canelada (Rosa, PP)";297;1;ROSIE-CCC-RS-PP;Mobile;"=""P0XR0R6651OIYE""";4447450064;1998968091;Sim;;;;;;Não;;;4.65;;;;464.65;Pix;;"21/06/2026 15:39:06";;"22/06/2026 15:38:37";https://lojarosie2.lojavirtualnuvem.com.br/admin/orders/1998968091;
250;lauratalmeida2010@gmail.com;;;;;;;;;;;;;;;;;;;;;;;;;;;;;;"Camiseta Clássica - Canelada (Rosa, PP)";197;1;ROSIE-CMC-RS-PP;;;;;Sim;;;;;;;;;;;;;;;;;;;;
249;franflcz@icloud.com;"20/06/2026 23:03:21";Aberto;Confirmado;Entregue;BRL;297;0.00;12.46;309.46;"francesca Lopez";54759775854;+5513996006479;"Francesca Lopez";+5513996006479;"Rua Doutor José Pereira de Queiros";47;"Apto 203";Higienópolis;"São Paulo";01241040;"São Paulo";Brasil;"Olist Envios Pax";"Nuvem Pago";;;;20/06/2026;24/06/2026;"Calça Clássica - Canelada (Preta, PP)";297;1;ROSIE-CCC-PT-PP;Mobile;"=""P0XO07C8MXA3IW""";4446744131;2000528725;Sim;;;;;;Não;;;11.77;2;7.11;;290.58;"Cartão de crédito";"Mastercard ****5330";"20/06/2026 23:03:28";;;https://lojarosie2.lojavirtualnuvem.com.br/admin/orders/2000528725;
248;mariaclarapedrozo@hotmail.com;"20/06/2026 21:11:15";Aberto;Confirmado;Entregue;BRL;618;0.00;0;618;"Maria Clara Pedrozo";13705871986;+5541997657866;"Maria Clara Pedrozo";+5541997657866;"Rua Luiz Ronaldo Canalli";3175;"Apto306 torre 1";"Campo Comprido";Curitiba;81230162;Paraná;Brasil;"Olist Envios IMile";"Nuvem Pago";;;;20/06/2026;25/06/2026;"Faixa de Cabelo - Canelada (Off White)";39;1;ROSIE-FCC-OW;Mobile;"=""6062226759114""";4446652089;2000080601;Sim;;;;;;Não;;;23.16;6;42.15;;552.69;"Cartão de crédito";"Mastercard ****1823";"20/06/2026 21:11:21";;;https://lojarosie2.lojavirtualnuvem.com.br/admin/orders/2000080601;
248;mariaclarapedrozo@hotmail.com;;;;;;;;;;;;;;;;;;;;;;;;;;;;;;"Calça Reta Jeans - Dirty (Dirty, 36)";579;1;ROSIE-CRJ-DT-36;;;;;Sim;;;;;;;;;;;;;;;;;;;;
247;camillacivolani@gmail.com;"20/06/2026 21:07:17";Aberto;Confirmado;Entregue;BRL;579;0.00;0;579;"Camilla Panek";09143707904;+5543999321413;"Camilla Panek";+5543999321413;"Avenida Carlos Artêncio";285;"221 torre II";Fragata;Marília;17519255;"São Paulo";Brasil;"Olist Envios Correios SEDEX";"Nuvem Pago";;;;20/06/2026;24/06/2026;"Calça Reta Jeans - Dirty (Dirty, 36)";579;1;ROSIE-CRJ-DT-36;Mobile;"=""AD598523538BR""";4446647963;2000467583;Sim;;;;;;Não;;;21.71;5;33.00;;524.29;"Cartão de crédito";"Mastercard ****2254";"20/06/2026 21:07:23";;;https://lojarosie2.lojavirtualnuvem.com.br/admin/orders/2000467583;
246;Paolaboggiobiazzi@gmail.com;"20/06/2026 19:26:22";Aberto;Confirmado;Entregue;BRL;988;0.00;0;988;"Paola Boggio Biazzi";41171693869;+5511999958988;"Paola Boggio Biazzi";+5511999958988;"Avenida das Magnólias";99;"Casa ";"Cidade Jardim";"São Paulo";05674000;"São Paulo";Brasil;"Olist Envios Pax";"Nuvem Pago";;;;20/06/2026;23/06/2026;"Calça Clássica - Canelada (Mescla, P)";297;1;ROSIE-CCC-ME-P;Mobile;"=""P0XQF78YKQ24HF""";4446538386;1996795496;Sim;;;;;;Não;;;36.81;1;;;951.19;"Cartão de crédito";"Visa ****7448";"20/06/2026 19:26:27";;;https://lojarosie2.lojavirtualnuvem.com.br/admin/orders/1996795496;
246;Paolaboggiobiazzi@gmail.com;;;;;;;;;;;;;;;;;;;;;;;;;;;;;;"Camiseta Clássica - Canelada (Mescla, P)";197;1;ROSIE-CMC-ME-P;;;;;Sim;;;;;;;;;;;;;;;;;;;;
246;Paolaboggiobiazzi@gmail.com;;;;;;;;;;;;;;;;;;;;;;;;;;;;;;"Calça Clássica - Canelada (Off White, P)";297;1;ROSIE-CCC-OW-P;;;;;Sim;;;;;;;;;;;;;;;;;;;;
246;Paolaboggiobiazzi@gmail.com;;;;;;;;;;;;;;;;;;;;;;;;;;;;;;"Camiseta Clássica - Canelada (Off White, P)";197;1;ROSIE-CMC-OW-P;;;;;Sim;;;;;;;;;;;;;;;;;;;;
245;thatacordova@gmail.com;"20/06/2026 16:43:10";Aberto;Confirmado;Entregue;BRL;78;0.00;13.66;91.66;"João pedro Cordova";04136479948;+5548991807710;"João pedro Cordova";+5548991807710;"Rua Barão de Batovi";621;Ap:601;Centro;Florianópolis;88015340;"Santa Catarina";Brasil;"Olist Envios J&T Express";"Nuvem Pago";;;;20/06/2026;24/06/2026;"Faixa de Cabelo - Canelada (Preta)";39;1;ROSIE-FCC-PT;Mobile;"=""888030784705455""";4446338903;2000306737;Sim;;;;;;Não;;;3.73;1;;;87.93;"Cartão de crédito";"Visa ****4640";"20/06/2026 16:43:19";;;https://lojarosie2.lojavirtualnuvem.com.br/admin/orders/2000306737;
245;thatacordova@gmail.com;;;;;;;;;;;;;;;;;;;;;;;;;;;;;;"Faixa de Cabelo - Canelada (Mescla)";39;1;ROSIE-FCC-ME;;;;;Sim;;;;;;;;;;;;;;;;;;;;
244;kezia.ribeiro.barna11@gmail.com;"20/06/2026 16:42:22";Aberto;Confirmado;Entregue;BRL;297;0.00;14.9;311.9;"Kezia Barna";20238787729;+5521984126355;"Kezia Barna";+5521984126355;"Rua Barão de Ipanema";105;"apto 303";Copacabana;"Rio de Janeiro";22050031;"Rio de Janeiro";Brasil;"Olist Envios IMile";"Nuvem Pago";;;;20/06/2026;25/06/2026;"Calça Clássica - Canelada (Preta, P)";297;1;ROSIE-CCC-PT-P;Mobile;"=""6062226500138""";4446338083;2000303916;Sim;;;;;;Não;;;11.86;3;10.72;;289.32;"Cartão de crédito";"Visa ****4250";"20/06/2026 16:42:28";;;https://lojarosie2.lojavirtualnuvem.com.br/admin/orders/2000303916;
243;rosanagarutti@gmail.com;"20/06/2026 16:17:13";Aberto;Confirmado;Entregue;BRL;378;18.90;18.26;377.36;"Rosana Garutti";42817528115;+5561999792367;"Rosana Garutti";+5561999792367;"Quadra SHIS QL 28 Conjunto 1";14;"Casa 14";"Setor de Habitações Individuais Sul";Brasília;71665215;"Distrito Federal";Brasil;"Olist Envios J&T Express";"Nuvem Pago";;;;20/06/2026;30/06/2026;"Regata Muscle - Pima (Off White, M)";189;1;ROSIE-RMP-OW-M;Mobile;"=""888030773365839""";4446311776;2000290243;Sim;;;;;;Não;;;3.74;;;;373.62;Pix;;"20/06/2026 16:18:08";;"21/06/2026 16:18:11";https://lojarosie2.lojavirtualnuvem.com.br/admin/orders/2000290243;
243;rosanagarutti@gmail.com;;;;;;;;;;;;;;;;;;;;;;;;;;;;;;"Regata Muscle - Pima (Preta, M)";189;1;ROSIE-RMP-PT-M;;;;;Sim;;;;;;;;;;;;;;;;;;;;
242;roberta.snluz@outlook.com;"20/06/2026 09:09:51";Aberto;Confirmado;Entregue;BRL;2316;0.00;0;2316;"Roberta Luz";14214991850;+5511981331996;"Roberta Luz";+5511981331996;"Alameda das Bauhínias";586;"Condomínio Tambore 10";Tamboré;"Santana de Parnaíba";06544540;"São Paulo";Brasil;"Olist Envios J&T Express";"Nuvem Pago";;;;20/06/2026;24/06/2026;"Calça Reta Jeans - Dirty (Dirty, 34)";579;2;ROSIE-CRJ-DT-34;Mobile;"=""888030783420695""";4445844100;2000012813;Sim;;;;;;Não;;;85.81;5;132.05;;2098.14;"Cartão de crédito";"Mastercard ****8379";"20/06/2026 09:10:00";;;https://lojarosie2.lojavirtualnuvem.com.br/admin/orders/2000012813;
242;roberta.snluz@outlook.com;;;;;;;;;;;;;;;;;;;;;;;;;;;;;;"Calça Reta Jeans - Claro (Claro, 32)";579;2;ROSIE-CRJ-CL-32;;;;;Sim;;;;;;;;;;;;;;;;;;;;
241;mdarw2009@gmail.com;"19/06/2026 18:24:49";Aberto;Confirmado;Entregue;BRL;189;0.00;49.82;238.82;"Maria Rigon";14783015708;+5521972929092;"Maria Rigon";+5521972929092;"Rua Aperana";22;301;Leblon;"Rio de Janeiro";22450190;"Rio de Janeiro";Brasil;"Olist Envios Correios SEDEX";"Nuvem Pago";;;;19/06/2026;24/06/2026;"Camiseta Boxer - Pima (Preta, M)";189;1;ROSIE-CBP-PT-M;Mobile;"=""AD597721979BR""";4445209128;1999705042;Sim;;;;;;Não;;;9.16;1;;;229.66;"Cartão de crédito";"Mastercard ****0790";"19/06/2026 18:24:56";;;https://lojarosie2.lojavirtualnuvem.com.br/admin/orders/1999705042;
240;davidnsouza@gmail.com;"19/06/2026 11:43:47";Aberto;Confirmado;Entregue;BRL;129;38.70;14.84;105.14;"David Nascimento de Souza";05084364518;+5571999154848;"Alice Nascimento da Silva Souza";+5571999154848;"Rua Demercindo Alves da Silva";250;"Apt 133 / Bloco B";"Jardim Piratininga";Sorocaba;18016085;"São Paulo";Brasil;"Olist Envios J&T Express";"Nuvem Pago";COMPRADAVID;;;19/06/2026;24/06/2026;"Regata Reta - Canelada (Preta, M)";129;1;ROSIE-RRC-PT-M;"Loja virtual";"=""888030781228621""";4444704816;1999438685;Sim;;;;;;Não;;;4.23;1;;;100.91;"Cartão de crédito";"Mastercard ****7974";"19/06/2026 11:43:57";;;https://lojarosie2.lojavirtualnuvem.com.br/admin/orders/1999438685;
239;meamoavs@gmail.com;"19/06/2026 00:22:19";Aberto;Confirmado;Entregue;BRL;516;25.80;0;490.2;"Amanda Schramm Vontobel";01301296074;+5555991282212;"Amanda Schramm Vontobel";+5555991282212;"Avenida Independência";1053;"Ap 502";"Rio Branco";"Porto Alegre";90035077;"Rio Grande do Sul";Brasil;"Olist Envios IMile";"Nuvem Pago";;;;19/06/2026;25/06/2026;"Camiseta Boxer - Pima (Off White, XGG)";189;1;ROSIE-CBP-OW-XGG;Mobile;"=""6062026361587""";4444296724;1999217980;Sim;;;;;;Não;;;4.85;;;;485.35;Pix;;"19/06/2026 00:23:13";;"20/06/2026 00:23:18";https://lojarosie2.lojavirtualnuvem.com.br/admin/orders/1999217980;
239;meamoavs@gmail.com;;;;;;;;;;;;;;;;;;;;;;;;;;;;;;"Regata Reta - Canelada (Off White, GG)";129;1;ROSIE-RRC-OW-GG;;;;;Sim;;;;;;;;;;;;;;;;;;;;
239;meamoavs@gmail.com;;;;;;;;;;;;;;;;;;;;;;;;;;;;;;"Mini Shorts Clássico Canelado Algodão (Off White, GG)";99;1;ROSIE-MSC-OW-GG;;;;;Sim;;;;;;;;;;;;;;;;;;;;
239;meamoavs@gmail.com;;;;;;;;;;;;;;;;;;;;;;;;;;;;;;"Mini Shorts Clássico Canelado Algodão (Mescla, GG)";99;1;ROSIE-MSC-ME-GG;;;;;Sim;;;;;;;;;;;;;;;;;;;;
238;fernanda.cbrant@gmail.com;"18/06/2026 22:13:40";Aberto;Confirmado;Entregue;BRL;416;0.00;0;416;"Fernanda Costa Brant Moraes";12517123632;+5531999219931;"Fernanda Costa Brant Moraes";+5531999219931;"Rua Joaquim Linhares";207;1402;Anchieta;"Belo Horizonte";30310400;"Minas Gerais";Brasil;"Olist Envios IMile";"Nuvem Pago";;;;18/06/2026;24/06/2026;"Regata Clássica Canelada Algodão (Rosa, P)";119;1;ROSIE-RCA-RS-P;Mobile;"=""6062026547163""";4444222695;1994598351;Sim;;;;;;Não;;;15.70;1;;;400.30;"Cartão de crédito";"Mastercard ****7106";"18/06/2026 22:15:07";;;https://lojarosie2.lojavirtualnuvem.com.br/admin/orders/1994598351;
238;fernanda.cbrant@gmail.com;;;;;;;;;;;;;;;;;;;;;;;;;;;;;;"Calça Clássica - Canelada (Preta, PP)";297;1;ROSIE-CCC-PT-PP;;;;;Sim;;;;;;;;;;;;;;;;;;;;
237;polianafolly@gmail.com;"18/06/2026 15:54:09";Aberto;Confirmado;Entregue;BRL;218;10.90;16.82;223.92;"Poliana Folly";19186392727;+5521987724434;"Poliana Folly";+5521987724434;"Rua Álvares de Azevedo";144;"Ap 402";Icaraí;Niterói;24220021;"Rio de Janeiro";Brasil;"Olist Envios IMile";"Nuvem Pago";;;;18/06/2026;24/06/2026;"Mini Shorts Clássico Canelado Algodão (Rosa, P)";99;1;ROSIE-MSC-RS-P;Mobile;"=""6061926309401""";4443828370;1980004155;Sim;;;;;;Não;;;2.22;;;;221.70;Pix;;"18/06/2026 15:54:41";;"19/06/2026 15:55:08";https://lojarosie2.lojavirtualnuvem.com.br/admin/orders/1980004155;
237;polianafolly@gmail.com;;;;;;;;;;;;;;;;;;;;;;;;;;;;;;"Regata Clássica Canelada Algodão (Rosa, P)";119;1;ROSIE-RCA-RS-P;;;;;Sim;;;;;;;;;;;;;;;;;;;;
236;boramiannahas1@gmail.com;"18/06/2026 01:29:48";Aberto;Confirmado;Entregue;BRL;1073;0.00;0;1073;"Borami Annahas";15252115958;+5545991190081;"Borami Annahas";+5545991190081;"Avenida Pedro Basso";341;"apartamento 1804";"Polo Centro";"Foz do Iguaçu";85863756;Paraná;Brasil;"Olist Envios J&T Express";"Nuvem Pago";;;;18/06/2026;23/06/2026;"Camiseta Clássica - Canelada (Preta, P)";197;1;ROSIE-CMC-PT-P;Mobile;"=""888030773941761""";4443164078;1998443407;Sim;;;;;;Não;;;39.94;6;73.21;;959.85;"Cartão de crédito";"Mastercard ****7953";"18/06/2026 01:29:54";;;https://lojarosie2.lojavirtualnuvem.com.br/admin/orders/1998443407;
236;boramiannahas1@gmail.com;;;;;;;;;;;;;;;;;;;;;;;;;;;;;;"Calça Clássica - Canelada (Preta, P)";297;1;ROSIE-CCC-PT-P;;;;;Sim;;;;;;;;;;;;;;;;;;;;
236;boramiannahas1@gmail.com;;;;;;;;;;;;;;;;;;;;;;;;;;;;;;"Calça Reta Jeans - Dirty (Dirty, 38)";579;1;ROSIE-CRJ-DT-38;;;;;Sim;;;;;;;;;;;;;;;;;;;;
235;teste_213@gmail.com;"17/06/2026 18:10:21";Cancelado;Vencido;"Não está embalado";BRL;297;14.85;15;297.15;"Teste Teste";70901387045;+5588999991111;"Teste teste";+5588999991111;"Rua H8B";123;;"Campus do CTA";"São José dos Campos";12228461;"São Paulo";Brasil;"Olist Envios IMile";"Nuvem Pago";;;;;;"Regata Clássica - Paetê (PP)";297;1;ROSIE-RCP-PP;"Loja virtual";"=""""";4442813380;1998161633;Sim;;;;"18/06/2026 18:12:02";"Cancelamento automático";Não;;;;;;;;Pix;;;;"18/06/2026 18:11:18";https://lojarosie2.lojavirtualnuvem.com.br/admin/orders/1998161633;
234;teste@gmail.com;"17/06/2026 17:58:16";Cancelado;Vencido;"Não está embalado";BRL;357;17.85;18.6;357.75;"Teste Testador";85746653047;+5588999991111;"Teste testador";+5588999991111;"Rua H8B";123;;"Campus do CTA";"São José dos Campos";12228461;"São Paulo";Brasil;"Olist Envios J&T Express";"Nuvem Pago";;;;;;"Set Clássico - Neon (Electric Blue, PP)";357;1;ROSIE-SRS-EB-PP;"Loja virtual";"=""""";4442798560;1998155314;Sim;;;;"18/06/2026 18:02:21";"Cancelamento automático";Não;;;;;;;;Pix;;;;"18/06/2026 17:59:14";https://lojarosie2.lojavirtualnuvem.com.br/admin/orders/1998155314;
233;mariaftm1@hotmail.com;"17/06/2026 17:40:47";Aberto;Confirmado;Entregue;BRL;494;24.70;0;469.3;"Maria Fernanda Trevisan";51690162805;+5514996646716;"Maria Fernanda Trevisan";+5514996646716;"Rua Regente Feijó";705;"Ap04 Edifício Spazio";Centro;Lins;16400049;"São Paulo";Brasil;"Olist Envios IMile";"Nuvem Pago";;;;17/06/2026;22/06/2026;"Camiseta Clássica - Canelada (Off White, M)";197;1;ROSIE-CMC-OW-M;Mobile;"=""6061926419831""";4442779299;1998132447;Sim;;;;;;Não;;;4.65;;;;464.65;Pix;;"17/06/2026 17:41:38";;"18/06/2026 17:41:45";https://lojarosie2.lojavirtualnuvem.com.br/admin/orders/1998132447;
233;mariaftm1@hotmail.com;;;;;;;;;;;;;;;;;;;;;;;;;;;;;;"Calça Clássica - Canelada (Off White, M)";297;1;ROSIE-CCC-OW-M;;;;;Sim;;;;;;;;;;;;;;;;;;;;
232;mariaelenamarques15@gmail.com;"17/06/2026 16:58:02";Aberto;Confirmado;Entregue;BRL;832;0.00;0;832;"Maria Elena Abreu Marque Andrade";07288253503;+5571992169893;"Maria Elena Abreu Marque Andrade";+5571992169893;"Rua Le Parc";1601;"Torre 14 ap 1601 ";Patamares;Salvador;41680100;Bahia;Brasil;"Olist Envios Correios SEDEX";"Nuvem Pago";;;;17/06/2026;25/06/2026;"Regata Clássica Canelada Algodão (Preta, PP)";119;1;ROSIE-RCA-PT-PP;Mobile;"=""AD589138797BR""";4442730997;1998111688;Sim;;;;;;Não;;;31.05;6;56.76;;744.19;"Cartão de crédito";"Mastercard ****8579";"17/06/2026 16:58:07";;;https://lojarosie2.lojavirtualnuvem.com.br/admin/orders/1998111688;
232;mariaelenamarques15@gmail.com;;;;;;;;;;;;;;;;;;;;;;;;;;;;;;"Calça Clássica - Canelada (Preta, PP)";297;1;ROSIE-CCC-PT-PP;;;;;Sim;;;;;;;;;;;;;;;;;;;;
232;mariaelenamarques15@gmail.com;;;;;;;;;;;;;;;;;;;;;;;;;;;;;;"Regata Clássica Canelada Algodão (Rosa, P)";119;1;ROSIE-RCA-RS-P;;;;;Sim;;;;;;;;;;;;;;;;;;;;
232;mariaelenamarques15@gmail.com;;;;;;;;;;;;;;;;;;;;;;;;;;;;;;"Calça Clássica - Canelada (Rosa, P)";297;1;ROSIE-CCC-RS-P;;;;;Sim;;;;;;;;;;;;;;;;;;;;
231;maria.victoria.conte7@gmail.com;"17/06/2026 16:23:11";Aberto;Confirmado;Entregue;BRL;591;0.00;0;591;"Maria Victoria CONTE DE CARVALHO DIAS";41093576839;+5511998992275;"Maria Victoria CONTE DE CARVALHO DIAS";+5511998992275;"Rua da Consolação";3625;"8 andar";"Cerqueira César";"São Paulo";01416000;"São Paulo";Brasil;"Olist Envios IMile";"Nuvem Pago";;;;17/06/2026;22/06/2026;"Camiseta Clássica - Canelada (Preta, PP)";197;1;ROSIE-CMC-PT-PP;Mobile;"=""6061926145212""";4442693510;1998090829;Sim;;;;;;Não;;;22.16;5;33.68;;535.16;"Cartão de crédito";"Mastercard ****1973";"17/06/2026 16:23:17";;;https://lojarosie2.lojavirtualnuvem.com.br/admin/orders/1998090829;
231;maria.victoria.conte7@gmail.com;;;;;;;;;;;;;;;;;;;;;;;;;;;;;;"Camiseta Clássica - Canelada (Off White, PP)";197;1;ROSIE-CMC-OW-PP;;;;;Sim;;;;;;;;;;;;;;;;;;;;
231;maria.victoria.conte7@gmail.com;;;;;;;;;;;;;;;;;;;;;;;;;;;;;;"Camiseta Clássica - Canelada (Marrom, PP)";197;1;ROSIE-CMC-MR-PP;;;;;Sim;;;;;;;;;;;;;;;;;;;;
230;l.duarte.amorim@gmail.com;"17/06/2026 13:05:49";Aberto;Confirmado;Entregue;BRL;579;0.00;0;579;"Laríssa Amorim";12372800795;+5521975340292;"Laríssa Amorim";+5521975340292;"Rua Monte Alegre";654;"Apt 02";Perdizes;"São Paulo";05014000;"São Paulo";Brasil;"Olist Envios IMile";"Nuvem Pago";;;;17/06/2026;21/06/2026;"Calça Reta Jeans - Escuro (Escuro, 42)";579;1;ROSIE-CRJ-ES-42;Mobile;"=""6061926341481""";4442470756;1997949491;Sim;;;;;;Não;;;23.45;5;54.97;;500.58;"Cartão de crédito";"Mastercard ****2204";"17/06/2026 13:05:55";;;https://lojarosie2.lojavirtualnuvem.com.br/admin/orders/1997949491;
229;barionimariafernanda@gmail.com;"17/06/2026 09:40:38";Aberto;Confirmado;Entregue;BRL;790;0.00;0;790;"Maria Fernanda barioni vieira";48456841870;+5516999920660;"Maria Fernanda barioni vieira";+5516999920660;"Rua Tabapuã";1341;"ap 51";"Itaim Bibi";"São Paulo";04533004;"São Paulo";Brasil;"Olist Envios Pax";"Nuvem Pago";;;;17/06/2026;19/06/2026;"Camiseta Clássica - Canelada (Mescla, P)";197;1;ROSIE-CMC-ME-P;Mobile;"=""P0XT10HX3EFJCU""";4442221435;1979985736;Sim;;;;;;Não;;;31.87;2;45.50;;712.63;"Cartão de crédito";"Visa ****2851";"17/06/2026 09:40:44";;;https://lojarosie2.lojavirtualnuvem.com.br/admin/orders/1979985736;
229;barionimariafernanda@gmail.com;;;;;;;;;;;;;;;;;;;;;;;;;;;;;;"Camiseta Clássica - Canelada (Preta, P)";197;1;ROSIE-CMC-PT-P;;;;;Sim;;;;;;;;;;;;;;;;;;;;
229;barionimariafernanda@gmail.com;;;;;;;;;;;;;;;;;;;;;;;;;;;;;;"Mini Shorts Clássico Canelado Algodão (Mescla, PP)";99;1;ROSIE-MSC-ME-PP;;;;;Sim;;;;;;;;;;;;;;;;;;;;
229;barionimariafernanda@gmail.com;;;;;;;;;;;;;;;;;;;;;;;;;;;;;;"Calça Clássica - Canelada (Preta, P)";297;1;ROSIE-CCC-PT-P;;;;;Sim;;;;;;;;;;;;;;;;;;;;
228;bettinapvieira@gmail.com;"16/06/2026 22:23:00";Aberto;Confirmado;Entregue;BRL;494;24.70;0;469.3;"Bettina Vieira";05614028501;+5511988588272;"Bettina Vieira";+5511988588272;"Rua Doutor Alberto Lyra";345;"Casa 28";"Jardim Panorama";"São Paulo";05679165;"São Paulo";Brasil;"Olist Envios Pax";"Nuvem Pago";;;;16/06/2026;19/06/2026;"Calça Clássica - Canelada (Preta, P)";297;1;ROSIE-CCC-PT-P;Mobile;"=""P0XTJXMFCZ8ILB""";4441900426;1997565683;Sim;;;;;;Não;;;4.65;;;;464.65;Pix;;"16/06/2026 22:23:41";;"17/06/2026 22:23:59";https://lojarosie2.lojavirtualnuvem.com.br/admin/orders/1997565683;
228;bettinapvieira@gmail.com;;;;;;;;;;;;;;;;;;;;;;;;;;;;;;"Camiseta Clássica - Canelada (Preta, P)";197;1;ROSIE-CMC-PT-P;;;;;Sim;;;;;;;;;;;;;;;;;;;;
227;ferreirajanaina@uol.com.br;"16/06/2026 18:23:40";Aberto;Confirmado;Entregue;BRL;579;0.00;0;579;"Janaina Santos";60274301172;+5561983402200;"Janaina Santos";+5561983402200;"Quadra SHIN QL 8 Conjunto 2";2;;"Setor de Habitações Individuais Norte";Brasília;71520225;"Distrito Federal";Brasil;"Olist Envios Correios SEDEX";"Nuvem Pago";;;;16/06/2026;22/06/2026;"Calça Reta Jeans - Dirty (Dirty, 34)";579;1;ROSIE-CRJ-DT-34;Mobile;"=""AD589118245BR""";4441625676;1997378426;Sim;;;;;;Não;;;23.45;1;;;555.55;"Cartão de crédito";"Mastercard ****3002";"16/06/2026 18:23:45";;;https://lojarosie2.lojavirtualnuvem.com.br/admin/orders/1997378426;
226;lizcatundabatista@gmail.com;"16/06/2026 16:57:39";Aberto;Confirmado;Entregue;BRL;119;5.95;19.56;132.61;"Liz Batista";07010501360;+5585988465508;"Liz Batista";+5585988465508;"Rua Afonso Celso";196;"ap 901 T2";Aldeota;Fortaleza;60140190;Ceará;Brasil;"Olist Envios J&T Express";"Nuvem Pago";;;;16/06/2026;22/06/2026;"Regata Clássica Canelada Algodão (Rosa, P)";119;1;ROSIE-RCA-RS-P;Mobile;"=""888030775754711""";4441522063;1977452725;Sim;;;;;;Não;;;1.31;;;;131.30;Pix;;"16/06/2026 16:58:15";;"17/06/2026 16:58:36";https://lojarosie2.lojavirtualnuvem.com.br/admin/orders/1977452725;
225;paolaboggiobiazzi@gmail.com;"16/06/2026 16:37:20";Aberto;Confirmado;Entregue;BRL;494;0.00;0;494;"Paola Boggio Biazzi";41171693869;+5511999958988;"Paola Boggio Biazzi";+5511999958988;"Avenida das Magnólias";99;casa;"Cidade Jardim";"São Paulo";05674000;"São Paulo";Brasil;"Olist Envios Pax";"Nuvem Pago";;;;16/06/2026;19/06/2026;"Calça Clássica - Canelada (Preta, P)";297;1;ROSIE-CCC-PT-P;"Loja virtual";"=""P0XM8J9LNF5GJ3""";4441499467;1997306596;Sim;;;;;;Não;;;20.06;1;;;473.94;"Cartão de crédito";"Mastercard ****7306";"16/06/2026 16:37:25";;;https://lojarosie2.lojavirtualnuvem.com.br/admin/orders/1997306596;
225;paolaboggiobiazzi@gmail.com;;;;;;;;;;;;;;;;;;;;;;;;;;;;;;"Camiseta Clássica - Canelada (Preta, P)";197;1;ROSIE-CMC-PT-P;;;;;Sim;;;;;;;;;;;;;;;;;;;;
224;lauar.beatriz@gmail.com;"16/06/2026 15:01:13";Aberto;Confirmado;Entregue;BRL;652;0.00;0;652;"Beatriz lauar";03848656159;+5561991423233;"Beatriz lauar";+5561991423233;"Alameda Rio Claro";95;"apto 112";"Bela Vista";"São Paulo";01332010;"São Paulo";Brasil;"Olist Envios Pax";"Nuvem Pago";;;;16/06/2026;19/06/2026;"Calça Clássica - Canelada (Mescla, P)";297;1;ROSIE-CCC-ME-P;Mobile;"=""P0XUVV7HACT9MJ""";4441386823;1997234383;Sim;;;;;;Não;;;26.37;4;53.33;;572.30;"Cartão de crédito";"Mastercard ****5997";"16/06/2026 15:01:18";;;https://lojarosie2.lojavirtualnuvem.com.br/admin/orders/1997234383;
224;lauar.beatriz@gmail.com;;;;;;;;;;;;;;;;;;;;;;;;;;;;;;"Camiseta Clássica - Canelada (Mescla, PP)";197;1;ROSIE-CMC-ME-PP;;;;;Sim;;;;;;;;;;;;;;;;;;;;
224;lauar.beatriz@gmail.com;;;;;;;;;;;;;;;;;;;;;;;;;;;;;;"Regata Clássica Canelada Algodão (Mescla, PP)";119;1;ROSIE-RCA-ME-PP;;;;;Sim;;;;;;;;;;;;;;;;;;;;
224;lauar.beatriz@gmail.com;;;;;;;;;;;;;;;;;;;;;;;;;;;;;;"Faixa de Cabelo - Canelada (Mescla)";39;1;ROSIE-FCC-ME;;;;;Sim;;;;;;;;;;;;;;;;;;;;
223;ava.zaitz@gmail.com;"16/06/2026 12:43:42";Aberto;Confirmado;Entregue;BRL;218;10.90;11.78;218.88;"Ava Zaitz";53644152870;+5511959501316;"Ava Zaitz";+5511959501316;"Rua Maestro Elias Lobo";246;"casa ";"Jardim Paulista";"São Paulo";01433000;"São Paulo";Brasil;"Olist Envios Pax";"Nuvem Pago";;;;16/06/2026;19/06/2026;"Mini Shorts Clássico Canelado Algodão (Mescla, G)";99;1;ROSIE-MSC-ME-G;Mobile;"=""P0XEA7JU9FNSR3""";4441223372;1997130506;Sim;;;;;;Não;;;2.17;;;;216.71;Pix;;"16/06/2026 12:44:15";;"17/06/2026 12:44:40";https://lojarosie2.lojavirtualnuvem.com.br/admin/orders/1997130506;
223;ava.zaitz@gmail.com;;;;;;;;;;;;;;;;;;;;;;;;;;;;;;"Regata Clássica Canelada Algodão (Mescla, G)";119;1;ROSIE-RCA-ME-G;;;;;Sim;;;;;;;;;;;;;;;;;;;;
222;annepribeiroo@gmail.com;"16/06/2026 08:16:37";Aberto;Confirmado;Entregue;BRL;1482;0.00;0;1482;"Anne Ribeiro";03615432126;+5561998822007;"Anne Ribeiro";+5561998822007;"Quadra SQS 112 Bloco H";601;;"Asa Sul";Brasília;70375080;"Distrito Federal";Brasil;"Olist Envios J&T Express";"Nuvem Pago";;;;16/06/2026;27/06/2026;"Calça Clássica - Canelada (Rosa, P)";297;1;ROSIE-CCC-RS-P;Mobile;"=""888030774001778""";4440898911;1996935705;Sim;;;;;;Não;;;59.48;3;104.27;;1318.25;"Cartão de crédito";"Visa ****5370";"16/06/2026 08:16:46";;;https://lojarosie2.lojavirtualnuvem.com.br/admin/orders/1996935705;
222;annepribeiroo@gmail.com;;;;;;;;;;;;;;;;;;;;;;;;;;;;;;"Calça Clássica - Canelada (Off White, P)";297;1;ROSIE-CCC-OW-P;;;;;Sim;;;;;;;;;;;;;;;;;;;;
222;annepribeiroo@gmail.com;;;;;;;;;;;;;;;;;;;;;;;;;;;;;;"Calça Clássica - Canelada (Mescla, P)";297;1;ROSIE-CCC-ME-P;;;;;Sim;;;;;;;;;;;;;;;;;;;;
222;annepribeiroo@gmail.com;;;;;;;;;;;;;;;;;;;;;;;;;;;;;;"Camiseta Clássica - Canelada (Rosa, PP)";197;1;ROSIE-CMC-RS-PP;;;;;Sim;;;;;;;;;;;;;;;;;;;;
222;annepribeiroo@gmail.com;;;;;;;;;;;;;;;;;;;;;;;;;;;;;;"Camiseta Clássica - Canelada (Off White, PP)";197;1;ROSIE-CMC-OW-PP;;;;;Sim;;;;;;;;;;;;;;;;;;;;
222;annepribeiroo@gmail.com;;;;;;;;;;;;;;;;;;;;;;;;;;;;;;"Camiseta Clássica - Canelada (Mescla, PP)";197;1;ROSIE-CMC-ME-PP;;;;;Sim;;;;;;;;;;;;;;;;;;;;
221;ilanahalperin16@gmail.com;"15/06/2026 23:34:59";Aberto;Confirmado;Entregue;BRL;78;3.90;10.5;84.6;"Ilana Halperin";49697174865;+5511982184800;"Ilana Halperin";+5511982184800;"Rua Paraguaçu";521;118;Perdizes;"São Paulo";05006011;"São Paulo";Brasil;"Olist Envios Pax";"Nuvem Pago";;;;15/06/2026;19/06/2026;"Faixa de Cabelo - Canelada (Mescla)";39;1;ROSIE-FCC-ME;Mobile;"=""P0XZ2V2EL7MH86""";4440704360;1996798203;Sim;;;;;;Não;;;0.84;;;;83.76;Pix;;"15/06/2026 23:35:40";;"16/06/2026 23:35:58";https://lojarosie2.lojavirtualnuvem.com.br/admin/orders/1996798203;
221;ilanahalperin16@gmail.com;;;;;;;;;;;;;;;;;;;;;;;;;;;;;;"Faixa de Cabelo - Canelada (Preta)";39;1;ROSIE-FCC-PT;;;;;Sim;;;;;;;;;;;;;;;;;;;;
220;brunaalmeidaaef@gmail.com;"15/06/2026 23:22:14";Aberto;Confirmado;Entregue;BRL;494;0.00;0;494;"Bruna Almeida";13473897760;+5521995659514;"Bruna Almeida";+5521995659514;"Rua Ingles de Sousa";208;;"Jardim Botânico";"Rio de Janeiro";22460110;"Rio de Janeiro";Brasil;"Olist Envios Correios SEDEX";"Nuvem Pago";;;;15/06/2026;20/06/2026;"Calça Clássica - Canelada (Rosa, P)";297;1;ROSIE-CCC-RS-P;Mobile;"=""AD584480109BR""";4440696113;1996083907;Sim;;;;;;Não;;;20.06;1;;;473.94;"Cartão de crédito";"Mastercard ****6111";"15/06/2026 23:22:19";;;https://lojarosie2.lojavirtualnuvem.com.br/admin/orders/1996083907;
220;brunaalmeidaaef@gmail.com;;;;;;;;;;;;;;;;;;;;;;;;;;;;;;"Camiseta Clássica - Canelada (Rosa, P)";197;1;ROSIE-CMC-RS-P;;;;;Sim;;;;;;;;;;;;;;;;;;;;
219;civilesarapvalente@gmail.com;"15/06/2026 23:20:01";Aberto;Confirmado;Entregue;BRL;218;0.00;16.84;234.84;"Sara Valente";70779278143;+5562999502593;"Sara Valente";+5562999502593;"Rua B11";16;;"Jardins Paris";Goiânia;74885634;Goiás;Brasil;"Olist Envios J&T Express";"Nuvem Pago";;;;15/06/2026;22/06/2026;"Regata Clássica Canelada Algodão (Rosa, P)";119;1;ROSIE-RCA-RS-P;Mobile;"=""888030776123468""";4440694558;1996798224;Sim;;;;;;Não;;;9.72;1;;;225.12;"Cartão de crédito";"Mastercard ****4128";"15/06/2026 23:20:06";;;https://lojarosie2.lojavirtualnuvem.com.br/admin/orders/1996798224;
219;civilesarapvalente@gmail.com;;;;;;;;;;;;;;;;;;;;;;;;;;;;;;"Mini Shorts Clássico Canelado Algodão (Rosa, PP)";99;1;ROSIE-MSC-RS-PP;;;;;Sim;;;;;;;;;;;;;;;;;;;;
218;isabelliwang@hotmail.com;"15/06/2026 14:45:14";Aberto;Confirmado;Entregue;BRL;494;0.00;0;494;"Isabelli Wang";39288921850;+5519981873391;"Isabelli wang";+5519981873391;"Rua Via Firenze";104;;"Jardim Vila Paradiso";Indaiatuba;13331563;"São Paulo";Brasil;"Olist Envios Correios SEDEX";"Nuvem Pago";;;;15/06/2026;22/06/2026;"Calça Clássica - Canelada (Rosa, P)";297;1;ROSIE-CCC-RS-P;Mobile;"=""AD584479508BR""";4440138966;1996321384;Sim;;;;;;Não;;;20.06;1;;;473.94;"Cartão de crédito";"Mastercard ****8946";"15/06/2026 14:45:22";;;https://lojarosie2.lojavirtualnuvem.com.br/admin/orders/1996321384;
218;isabelliwang@hotmail.com;;;;;;;;;;;;;;;;;;;;;;;;;;;;;;"Camiseta Clássica - Canelada (Rosa, P)";197;1;ROSIE-CMC-RS-P;;;;;Sim;;;;;;;;;;;;;;;;;;;;
217;sofiadellazuanaarone@gmail.com;"15/06/2026 10:05:34";Aberto;Confirmado;Entregue;BRL;357;0.00;13;370;"Sofia Arone";50997697806;+5511998038208;"Sofia Arone";+5511998038208;"Rua Wanderley";1295;"Ap 41";Perdizes;"São Paulo";05011001;"São Paulo";Brasil;"Olist Envios Pax";"Nuvem Pago";;;;15/06/2026;19/06/2026;"Set Clássico - Neon (Hot Pink, PP)";357;1;ROSIE-SRS-HP-PP;Mobile;"=""P0X38E6XZ8NP2M""";4439753273;1996151555;Sim;;;;;;Não;;;15.12;3;26.01;;328.87;"Cartão de crédito";"Visa ****2159";"15/06/2026 10:05:41";;;https://lojarosie2.lojavirtualnuvem.com.br/admin/orders/1996151555;
216;deboracamorim2@gmail.com;"15/06/2026 09:50:05";Aberto;Confirmado;Entregue;BRL;78;3.90;14.84;88.94;"Débora Amorim";40680586873;+5511959584786;"Débora amorim";+5511959584786;"Rua Bartolomeu de Gusmão";90;Casa;"Vila Nogueira";Diadema;09960430;"São Paulo";Brasil;"Olist Envios J&T Express";"Nuvem Pago";;;;15/06/2026;20/06/2026;"Faixa de Cabelo - Canelada (Preta)";39;2;ROSIE-FCC-PT;Mobile;"=""888030772859633""";4439730348;1996148808;Sim;;;;;;Não;;;0.88;;;;88.06;Pix;;"15/06/2026 09:53:46";;"16/06/2026 09:51:04";https://lojarosie2.lojavirtualnuvem.com.br/admin/orders/1996148808;
215;raissa.i@hotmail.com;"15/06/2026 00:48:35";Aberto;Confirmado;Entregue;BRL;494;0.00;0;494;"Raissa ichihara";33730522892;+5511987149279;"Raissa ichihara";+5511987149279;"Rua Fiação da Saúde";361;"apto 57";"Vila da Saúde";"São Paulo";04144020;"São Paulo";Brasil;"Olist Envios Pax";"Nuvem Pago";;;;15/06/2026;16/06/2026;"Calça Clássica - Canelada (Rosa, P)";297;1;ROSIE-CCC-RS-P;Mobile;"=""P0XX26F1EPE2GN""";4439421084;1996025018;Sim;;;;;;Não;;;20.06;4;40.40;;433.54;"Cartão de crédito";"Visa ****8426";"15/06/2026 00:48:41";;;https://lojarosie2.lojavirtualnuvem.com.br/admin/orders/1996025018;
215;raissa.i@hotmail.com;;;;;;;;;;;;;;;;;;;;;;;;;;;;;;"Camiseta Clássica - Canelada (Rosa, P)";197;1;ROSIE-CMC-RS-P;;;;;Sim;;;;;;;;;;;;;;;;;;;;
214;gabrieladchun@gmail.com;"15/06/2026 00:08:20";Aberto;Confirmado;Entregue;BRL;297;0.00;12.46;309.46;"Gabriela Hun";23795630800;+5511996765335;"Gabriela Hun";+5511996765335;"Alameda República Dominicana";1019;;"Alphaville Residencial Dois";Barueri;06470040;"São Paulo";Brasil;"Olist Envios Pax";"Nuvem Pago";;;;15/06/2026;18/06/2026;"Calça Clássica - Canelada (Marrom, M)";297;1;ROSIE-CCC-MR-M;Mobile;"=""P0XIU43EI7QRI6""";4439397252;1996005073;Sim;;;;;;Não;;;12.70;1;;;296.76;"Cartão de crédito";"Amex ****1022";"15/06/2026 00:08:25";;;https://lojarosie2.lojavirtualnuvem.com.br/admin/orders/1996005073;
213;stephanie.enss@gmail.com;"14/06/2026 21:34:22";Aberto;Confirmado;Entregue;BRL;579;28.95;0;550.05;"Stephanie Ens";42907971808;+5511972315001;"Stephanie Ens";+5511972315001;"Alameda Gregório Bogossian Sobrinho";60;143;Tamboré;"Santana de Parnaíba";06543385;"São Paulo";Brasil;"Olist Envios IMile";"Nuvem Pago";;;;14/06/2026;17/06/2026;"Calça Reta Jeans - Claro (Claro, 38)";579;1;ROSIE-CRJ-CL-38;Mobile;"=""6061526693593""";4439302785;1995881230;Sim;;;;;;Não;;;5.45;;;;544.60;Pix;;"14/06/2026 21:35:21";;"15/06/2026 21:35:21";https://lojarosie2.lojavirtualnuvem.com.br/admin/orders/1995881230;
212;soloureiro27@gmail.com;"14/06/2026 21:31:25";Aberto;Confirmado;Entregue;BRL;297;14.85;12.46;294.61;"Sophia Loureiro";20836183789;+5521998586606;"Sophia Loureiro";+5521998586606;"Rua Caçapava";83;"Apt 131";"Jardim Paulista";"São Paulo";01408010;"São Paulo";Brasil;"Olist Envios Pax";"Nuvem Pago";;;;14/06/2026;16/06/2026;"Calça Clássica - Canelada (Preta, PP)";297;1;ROSIE-CCC-PT-PP;Mobile;"=""P0XMHUXCIYPCS2""";4439300070;1995882075;Sim;;;;;;Não;;;2.92;;;;291.69;Pix;;"14/06/2026 21:32:03";;"15/06/2026 21:32:23";https://lojarosie2.lojavirtualnuvem.com.br/admin/orders/1995882075;
211;catarinnasouto@gmail.com;"14/06/2026 18:14:46";Aberto;Confirmado;Entregue;BRL;579;0.00;0;579;"Catarinna Souto";02383409022;+5551993538097;"Catarinna Souto";+5551993538097;"Rua Leopoldo Couto Magalhães Júnior";1098;182N;"Itaim Bibi";"São Paulo";04542001;"São Paulo";Brasil;"Olist Envios IMile";"Nuvem Pago";;;;14/06/2026;18/06/2026;"Calça Reta Jeans - Médio (Médio, 34)";579;1;ROSIE-CRJ-MD-34;Mobile;"=""6061526837074""";4439082696;1995714673;Sim;;;;;;Não;;;23.45;4;47.36;;508.19;"Cartão de crédito";"Visa ****4738";"14/06/2026 18:14:55";;;https://lojarosie2.lojavirtualnuvem.com.br/admin/orders/1995714673;
210;ana@rodrigovalente.com.br;"14/06/2026 13:49:34";Aberto;Confirmado;Entregue;BRL;218;0.00;17.76;235.76;"Ana Tasca";01940738903;+5544988278096;"Ana tasca";+5544988278096;"Avenida Carlos Correa Borges";2211;"casa 66";"Conjunto Habitacional Inocente Vila Nova Júnior";Maringá;87060000;Paraná;Brasil;"Olist Envios J&T Express";"Nuvem Pago";;;;14/06/2026;17/06/2026;"Regata Clássica Canelada Algodão (Preta, PP)";119;1;ROSIE-RCA-PT-PP;"Loja virtual";"=""888030767999382""";4438789881;1995530886;Sim;;;;;;Não;;;9.76;2;13.56;;212.44;"Cartão de crédito";"Mastercard ****6897";"14/06/2026 13:49:40";;;https://lojarosie2.lojavirtualnuvem.com.br/admin/orders/1995530886;
210;ana@rodrigovalente.com.br;;;;;;;;;;;;;;;;;;;;;;;;;;;;;;"Mini Shorts Clássico Canelado Algodão (Preta, PP)";99;1;ROSIE-MSC-PT-PP;;;;;Sim;;;;;;;;;;;;;;;;;;;;
209;manuellabsmendonca@gmail.com;"13/06/2026 16:07:31";Aberto;Confirmado;Entregue;BRL;99;4.95;16.02;110.07;"Manuella Bechara";14672900762;+5521993431129;"Manuella Bechara";+5521993431129;"Rua Juiz Alberto Nader";77;"apt 401";Charitas;Niterói;24370020;"Rio de Janeiro";Brasil;"Olist Envios IMile";"Nuvem Pago";;;;13/06/2026;18/06/2026;"Mini Shorts Clássico Canelado Algodão (Mescla, M)";99;1;ROSIE-MSC-ME-M;"Loja virtual";"=""6061526822968""";4437800250;1994950310;Sim;;;;;;Não;;;1.09;;;;108.98;Pix;;"13/06/2026 16:07:55";;"14/06/2026 16:08:29";https://lojarosie2.lojavirtualnuvem.com.br/admin/orders/1994950310;
208;cagranato@yahoo.com;"13/06/2026 15:57:57";Aberto;Confirmado;Entregue;BRL;416;20.80;0;395.2;"Camila Granato Dias";10724440623;+5535984019777;"Camila Granato Dias";+5535984019777;"Rua Uberaba";190;;"Jardim dos Estados";"Poços de Caldas";37701073;"Minas Gerais";Brasil;"Olist Envios IMile";"Nuvem Pago";;;;13/06/2026;18/06/2026;"Calça Clássica - Canelada (Off White, P)";297;1;ROSIE-CCC-OW-P;Mobile;"=""6061526243097""";4437788151;1994950758;Sim;;;;;;Não;;;3.91;;;;391.29;Pix;;"13/06/2026 15:58:52";;"14/06/2026 15:58:55";https://lojarosie2.lojavirtualnuvem.com.br/admin/orders/1994950758;
208;cagranato@yahoo.com;;;;;;;;;;;;;;;;;;;;;;;;;;;;;;"Regata Clássica Canelada Algodão (Off White, P)";119;1;ROSIE-RCA-OW-P;;;;;Sim;;;;;;;;;;;;;;;;;;;;
207;georgiavalente2007@gmail.com;"13/06/2026 09:29:22";Aberto;Confirmado;Entregue;BRL;238;11.90;11.96;238.06;"Georgia Valente";52602382817;+5511964010027;"Georgia Valente";+5511964010027;"Alameda Granada";603;"condomínio ";"Alphaville Conde II";Barueri;06473065;"São Paulo";Brasil;"Olist Envios Pax";"Nuvem Pago";;;;13/06/2026;18/06/2026;"Regata Clássica Canelada Algodão (Off White, PP)";119;2;ROSIE-RCA-OW-PP;Mobile;"=""P0XZZZIQ11QFNV""";4437285993;1994685117;Sim;;;;;;Não;;;2.36;;;;235.70;Pix;;"13/06/2026 09:30:30";;"14/06/2026 09:30:20";https://lojarosie2.lojavirtualnuvem.com.br/admin/orders/1994685117;
206;francisca.braga7@gmail.com;"12/06/2026 19:53:07";Aberto;Confirmado;Entregue;BRL;791;0.00;0;791;"Francisca Braga";23871051845;+5511969962800;"Francisca Braga";+5511969962800;"Alameda Itapecuru";179;"Apto 803";"Alphaville Centro Industrial e Empresarial/Alphaville.";Barueri;06454080;"São Paulo";Brasil;"Olist Envios Pax";"Nuvem Pago";;;;12/06/2026;16/06/2026;"Calça Clássica - Canelada (Preta, P)";297;1;ROSIE-CCC-PT-P;Mobile;"=""P0XPLBG5E5OO5Q""";4436824115;1981039772;Sim;;;;;;Não;;;31.91;5;75.11;;683.98;"Cartão de crédito";"Mastercard ****6652";"12/06/2026 19:53:14";;;https://lojarosie2.lojavirtualnuvem.com.br/admin/orders/1981039772;
206;francisca.braga7@gmail.com;;;;;;;;;;;;;;;;;;;;;;;;;;;;;;"Calça Clássica - Canelada (Amarela, P)";297;1;ROSIE-CCC-AM-P;;;;;Sim;;;;;;;;;;;;;;;;;;;;
206;francisca.braga7@gmail.com;;;;;;;;;;;;;;;;;;;;;;;;;;;;;;"Camiseta Clássica - Canelada (Amarela, P)";197;1;ROSIE-CMC-AM-P;;;;;Sim;;;;;;;;;;;;;;;;;;;;
205;sossolopes901@gmail.com;"12/06/2026 18:18:08";Aberto;Confirmado;Entregue;BRL;378;0.00;56.44;434.44;"Sofia Lopes";12402211776;+5521997059797;"Sofia Lopes";+5521997059797;"Rua Tiradentes";149;1301;Ingá;Niterói;24210510;"Rio de Janeiro";Brasil;"Olist Envios Correios SEDEX";"Nuvem Pago";;;;12/06/2026;17/06/2026;"Camiseta Boxer - Pima (Preta, XGG)";189;1;ROSIE-CBP-PT-XGG;Mobile;"=""AD573103509BR""";4436657451;1994366142;Sim;;;;;;Não;;;17.68;1;;;416.76;"Cartão de crédito";"Visa ****1117";"12/06/2026 18:18:19";;;https://lojarosie2.lojavirtualnuvem.com.br/admin/orders/1994366142;
205;sossolopes901@gmail.com;;;;;;;;;;;;;;;;;;;;;;;;;;;;;;"Camiseta Boxer - Pima (Off White, G)";189;1;ROSIE-CBP-OW-G;;;;;Sim;;;;;;;;;;;;;;;;;;;;
204;lissaphidelys@gmail.com;"12/06/2026 14:55:40";Aberto;Confirmado;Entregue;BRL;228;11.40;11.86;228.46;"Lissa Phidelys";56544853852;+5511941999950;"Lissa Phidelys";+5511941999950;"Rua São Manoel";57;"201,Cozumel ";"Vila Galvão";Guarulhos;07073010;"São Paulo";Brasil;"Olist Envios Pax";"Nuvem Pago";;;;12/06/2026;16/06/2026;"Mini Shorts Clássico Canelado Algodão (Preta, GG)";99;1;ROSIE-MSC-PT-GG;Mobile;"=""P0X70P2HWMFF0C""";4436401372;1993970132;Sim;;;;;;Não;;;2.26;;;;226.20;Pix;;"12/06/2026 14:56:07";;"13/06/2026 14:56:39";https://lojarosie2.lojavirtualnuvem.com.br/admin/orders/1993970132;
204;lissaphidelys@gmail.com;;;;;;;;;;;;;;;;;;;;;;;;;;;;;;"Regata Reta - Canelada (Preta, G)";129;1;ROSIE-RRC-PT-G;;;;;Sim;;;;;;;;;;;;;;;;;;;;
203;mcpaf16@gmail.com;"12/06/2026 14:33:06";Aberto;Confirmado;Entregue;BRL;357;0.00;19.36;376.36;"Maria Cecília Franco";09437771510;+5571981167525;"Maria Cecília Franco";+5571981167525;"Rua Santa Helena";159;"Apt 1002";Pituba;Salvador;41830430;Bahia;Brasil;"Olist Envios IMile";"Nuvem Pago";;;;12/06/2026;19/06/2026;"Set Clássico - Neon (Electric Blue, M)";357;1;ROSIE-SRS-EB-M;Mobile;"=""6061526890146""";4436372658;1994213793;Sim;;;;;;Não;;;15.37;1;;;360.99;"Cartão de crédito";"Mastercard ****0938";"12/06/2026 14:33:12";;;https://lojarosie2.lojavirtualnuvem.com.br/admin/orders/1994213793;
202;nathaliapintosally@gmail.com;"12/06/2026 07:31:34";Aberto;Confirmado;Entregue;BRL;494;24.70;0;469.3;"Nathalia Sally";16591449736;+5521995917077;"Nathalia Sally";+5521995917077;"Avenida Rebouças";2636;"Apto 610";Pinheiros;"São Paulo";05402400;"São Paulo";Brasil;"Olist Envios Pax";"Nuvem Pago";;;;12/06/2026;16/06/2026;"Calça Clássica - Canelada (Rosa, P)";297;1;ROSIE-CCC-RS-P;Mobile;"=""P0XMTS3TK37DYF""";4435861035;1993948996;Sim;;;;;;Não;;;4.65;;;;464.65;Pix;;"12/06/2026 07:32:30";;"13/06/2026 07:32:32";https://lojarosie2.lojavirtualnuvem.com.br/admin/orders/1993948996;
202;nathaliapintosally@gmail.com;;;;;;;;;;;;;;;;;;;;;;;;;;;;;;"Camiseta Clássica - Canelada (Rosa, P)";197;1;ROSIE-CMC-RS-P;;;;;Sim;;;;;;;;;;;;;;;;;;;;
201;mgainogrilo@gmail.com;"11/06/2026 00:32:27";Aberto;Confirmado;Entregue;BRL;189;0.00;11.5;200.5;"Maria Gaino Grilo";21325311880;+5511963645814;"Maria Gaino Grilo";+5511963645814;"Rua Domingos Lopes da Silva";329;"Apto82 ";"Vila Suzana";"São Paulo";05641030;"São Paulo";Brasil;"Olist Envios Pax";"Nuvem Pago";;;;11/06/2026;16/06/2026;"Camiseta Boxer - Pima (Preta, M)";189;1;ROSIE-CBP-PT-M;Mobile;"=""P0X0FD9NER0K4L""";4434430454;1993038576;Sim;;;;;;Não;;;8.35;1;;;192.15;"Cartão de crédito";"Visa ****4284";"11/06/2026 00:32:29";;;https://lojarosie2.lojavirtualnuvem.com.br/admin/orders/1993038576;
200;valeriafavoretto@hotmail.com;"10/06/2026 23:09:25";Cancelado;Vencido;"Não está embalado";BRL;337;16.85;14.18;334.33;"Valeria Favoretto";24812848873;+5511967126916;"Valeria Favoretto";+5511967126916;"Avenida Pentágono, 1100";1100;"Alameda Água casa 14";Alphaville;"Santana de Parnaíba";06540900;"São Paulo";Brasil;"Olist Envios IMile";"Nuvem Pago";;;;;;"Regata Clássica Canelada Algodão (Amarela, M)";119;1;ROSIE-RCA-AM-M;Mobile;"=""""";4434390428;1992981786;Sim;;;;"11/06/2026 23:11:25";"Cancelamento automático";Não;;;;;;;;Pix;;;;"11/06/2026 23:10:24";https://lojarosie2.lojavirtualnuvem.com.br/admin/orders/1992981786;
200;valeriafavoretto@hotmail.com;;;;;;;;;;;;;;;;;;;;;;;;;;;;;;"Regata Clássica Canelada Algodão (Marrom, M)";119;1;ROSIE-RCA-MR-M;;;;;Sim;;;;;;;;;;;;;;;;;;;;
200;valeriafavoretto@hotmail.com;;;;;;;;;;;;;;;;;;;;;;;;;;;;;;"Mini Shorts Clássico Canelado Algodão (Amarela, M)";99;1;ROSIE-MSC-AM-M;;;;;Sim;;;;;;;;;;;;;;;;;;;;
199;valeriafavoretto@hotmail.com;"10/06/2026 23:04:33";Aberto;Confirmado;Entregue;BRL;337;16.85;14.18;334.33;"Valeria Favoretto";24812848873;+5511967126916;"Valeria Favoretto";+5511967126916;"Avenida Pentágono, 1100";1100;"Alameda Água casa 14";Alphaville;"Santana de Parnaíba";06540900;"São Paulo";Brasil;"Olist Envios IMile";"Nuvem Pago";;;;10/06/2026;17/06/2026;"Regata Clássica Canelada Algodão (Amarela, M)";119;1;ROSIE-RCA-AM-M;Mobile;"=""6061526787636""";4434387531;1992975635;Sim;;;;;;Não;;;3.31;;;;331.02;Pix;;"10/06/2026 23:11:49";;"11/06/2026 23:05:32";https://lojarosie2.lojavirtualnuvem.com.br/admin/orders/1992975635;
199;valeriafavoretto@hotmail.com;;;;;;;;;;;;;;;;;;;;;;;;;;;;;;"Regata Clássica Canelada Algodão (Marrom, M)";119;1;ROSIE-RCA-MR-M;;;;;Sim;;;;;;;;;;;;;;;;;;;;
199;valeriafavoretto@hotmail.com;;;;;;;;;;;;;;;;;;;;;;;;;;;;;;"Mini Shorts Clássico Canelado Algodão (Amarela, M)";99;1;ROSIE-MSC-AM-M;;;;;Sim;;;;;;;;;;;;;;;;;;;;
198;dudagludwig@hotmail.com;"10/06/2026 14:14:11";Aberto;Confirmado;Entregue;BRL;297;0.00;20.96;317.96;"Eduarda Ludwig";03778432028;+5554999385755;"Eduarda Ludwig";+5554999385755;"Avenida das Hortênsias";4983;"loja black bull";Carniel;Gramado;95670760;"Rio Grande do Sul";Brasil;"Olist Envios IMile";"Nuvem Pago";;;;10/06/2026;19/06/2026;"Calça Clássica - Canelada (Rosa, M)";297;1;ROSIE-CCC-RS-M;Mobile;"=""6061526699294""";4433750846;1992541471;Sim;;;;;;Não;;;13.04;2;18.30;;286.62;"Cartão de crédito";"Mastercard ****8827";"10/06/2026 14:14:13";;;https://lojarosie2.lojavirtualnuvem.com.br/admin/orders/1992541471;
197;pupoalice@gmail.com;"10/06/2026 13:50:50";Aberto;Confirmado;Entregue;BRL;579;0.00;0;579;"Alice Murari";33984779844;+5519983294545;"Alice Murari";+5519983294545;"Rua Rio Grande";678;"apartamento 53";"Vila Mariana";"São Paulo";04018001;"São Paulo";Brasil;"Olist Envios IMile";"Nuvem Pago";;;;10/06/2026;17/06/2026;"Calça Reta Jeans - Claro (Claro, 36)";579;1;ROSIE-CRJ-CL-36;Mobile;"=""6061526197567""";4433721043;1992523020;Sim;;;;;;Não;;;23.45;1;;;555.55;"Cartão de crédito";"Mastercard ****4471";"10/06/2026 13:51:54";;;https://lojarosie2.lojavirtualnuvem.com.br/admin/orders/1992523020;
196;clara.ep2011@gmail.com;"10/06/2026 07:35:25";Cancelado;Vencido;"Não está embalado";BRL;297;14.85;13.36;295.51;"Clara Polanczyk";45539031806;+5511917112022;"Clara Polanczyk";+5511917112022;"Rua Pernambuco";109;"Apto. 62";Higienópolis;"São Paulo";01240020;"São Paulo";Brasil;"Olist Envios Pax";"Nuvem Pago";;;;;;"Calça Clássica - Canelada (Rosa, P)";297;1;ROSIE-CCC-RS-P;Mobile;"=""""";4433187977;1981290397;Sim;;;;"11/06/2026 07:36:20";"Cancelamento automático";Não;;;;;;;;Pix;;;;"11/06/2026 07:36:24";https://lojarosie2.lojavirtualnuvem.com.br/admin/orders/1981290397;
195;carolinabianchim@gmail.com;"09/06/2026 19:09:16";Aberto;Confirmado;Entregue;BRL;39;1.95;15.14;52.19;"Carolina Bianchim";41927124824;+5519998042104;"Carolina Bianchim";+5519998042104;"Avenida Armando de Salles Oliveira";1403;;Centro;Piracicaba;13400010;"São Paulo";Brasil;"Olist Envios IMile";"Nuvem Pago";;;;09/06/2026;17/06/2026;"Faixa de Cabelo - Canelada (Preta)";39;1;ROSIE-FCC-PT;Mobile;"=""6061526544604""";4432720095;1991884318;Sim;;;;;;Não;;;0.52;;;;51.67;Pix;;"09/06/2026 19:11:00";;"10/06/2026 19:10:14";https://lojarosie2.lojavirtualnuvem.com.br/admin/orders/1991884318;
194;caroline.gorra@gmail.com;"09/06/2026 12:55:10";Aberto;Confirmado;Entregue;BRL;357;0.00;13;370;"Caroline Gorra";17889257775;+5521973684005;"Caroline Gorra";+5521973684005;"Rua Pedroso Alvarenga";1170;"apt 1308";"Itaim Bibi";"São Paulo";04531004;"São Paulo";Brasil;"Olist Envios Pax";"Nuvem Pago";;;;09/06/2026;16/06/2026;"Set Clássico - Neon (Hot Pink, PP)";357;1;ROSIE-SRS-HP-PP;"Loja virtual";"=""P0XACXU93AVAM8""";4432225312;1981866039;Sim;;;;;;Não;;;15.11;1;;;354.89;"Cartão de crédito";"Mastercard ****4964";"09/06/2026 12:55:12";;;https://lojarosie2.lojavirtualnuvem.com.br/admin/orders/1981866039;
193;giovonzuben@gmail.com;"08/06/2026 14:21:13";Aberto;Confirmado;Entregue;BRL;579;57.90;0;521.1;"Giovanna von Zuben";38321369839;+5511966305869;"Giovanna von Zuben";+5511966305869;"Rua Henrique Schaumann";212;"apto 20";Pinheiros;"São Paulo";05413010;"São Paulo";Brasil;"Olist Envios Pax";"Nuvem Pago";WEADOREYOU;;;08/06/2026;16/06/2026;"Calça Reta Jeans - Dirty (Dirty, 38)";579;1;ROSIE-CRJ-DT-38;"Loja virtual";"=""P0XXDSOO3FBLUP""";4430999040;1990679359;Sim;;;;;;Não;;;21.14;4;42.62;;457.34;"Cartão de crédito";"Mastercard ****7496";"08/06/2026 14:21:17";;;https://lojarosie2.lojavirtualnuvem.com.br/admin/orders/1990679359;
192;beatrizeleuterio2288@gmail.com;"07/06/2026 17:58:59";Aberto;Confirmado;Entregue;BRL;78;3.90;18.18;92.28;"Beatriz Martins";15500633406;+5581999891636;"Beatriz Martins";+5581999891636;"Avenida Boa Viagem";6396;"Apto 1001";"Boa Viagem";Recife;51130000;Pernambuco;Brasil;"Olist Envios J&T Express";"Nuvem Pago";;;;07/06/2026;19/06/2026;"Faixa de Cabelo - Canelada (Off White)";39;1;ROSIE-FCC-OW;Mobile;"=""888030771759906""";4429912643;1989985275;Sim;;;;;;Não;;;0.91;;;;91.37;Pix;;"07/06/2026 17:59:21";;"08/06/2026 17:59:58";https://lojarosie2.lojavirtualnuvem.com.br/admin/orders/1989985275;
192;beatrizeleuterio2288@gmail.com;;;;;;;;;;;;;;;;;;;;;;;;;;;;;;"Faixa de Cabelo - Canelada (Preta)";39;1;ROSIE-FCC-PT;;;;;Sim;;;;;;;;;;;;;;;;;;;;
191;danipdelacruz@gmail.com;"06/06/2026 20:00:23";Aberto;Confirmado;Entregue;BRL;378;0.00;18.86;396.86;"Daniella De la Cruz";06413531118;+5561998044120;"Daniella De la Cruz";+5561998044120;"Quadra SQN 311 Bloco L";111;"Apartamento n° 111";"Asa Norte";Brasília;70757120;"Distrito Federal";Brasil;"Olist Envios J&T Express";"Nuvem Pago";;;;06/06/2026;18/06/2026;"Regata Muscle - Pima (Off White, M)";189;1;ROSIE-RMP-OW-M;Mobile;"=""888030770641893""";4428891051;1989301915;Sim;;;;;;Não;;;16.18;1;;;380.68;"Cartão de crédito";"Mastercard ****0827";"06/06/2026 20:00:28";;;https://lojarosie2.lojavirtualnuvem.com.br/admin/orders/1989301915;
191;danipdelacruz@gmail.com;;;;;;;;;;;;;;;;;;;;;;;;;;;;;;"Regata Muscle - Pima (Preta, M)";189;1;ROSIE-RMP-PT-M;;;;;Sim;;;;;;;;;;;;;;;;;;;;
190;adrianadepaulareis@gmail.com;"06/06/2026 10:17:27";Aberto;Confirmado;Entregue;BRL;189;9.45;14.8;194.35;"Adriana Reis";93369603691;+5531987567245;"Adriana Reis";+5531987567245;"Rua Dom Aristides Porto";201;"Apto 504";"Coração Eucarístico";"Belo Horizonte";30535450;"Minas Gerais";Brasil;"Olist Envios IMile";"Nuvem Pago";;;;06/06/2026;18/06/2026;"Regata Muscle - Pima (Off White, G)";189;1;ROSIE-RMP-OW-G;Mobile;"=""6061526214763""";4428169642;1988811787;Sim;;;;;;Não;;;1.92;;;;192.43;Pix;;"06/06/2026 10:34:02";;"07/06/2026 10:18:26";https://lojarosie2.lojavirtualnuvem.com.br/admin/orders/1988811787;
189;augustodraeger5@gmail.com;"05/06/2026 15:20:16";Aberto;Confirmado;Entregue;BRL;579;28.95;0;550.05;"Augusto Draeger";15549306930;+5545988183642;"Augusto draeger";+5545988183642;"Avenida Marginal Percy de Oliveira Junior";7122;"Empresa Rotta alimentos, AUGUS";"Vista Linda";Cascavel;85811699;Paraná;Brasil;"Olist Envios Correios SEDEX";"Nuvem Pago";;;;05/06/2026;18/06/2026;"Calça Reta Jeans - Claro (Claro, 44)";579;1;ROSIE-CRJ-CL-44;"Loja virtual";"=""AD545771612BR""";4426875164;1988063893;Sim;;;;;;Não;;;5.45;;;;544.60;Pix;;"05/06/2026 15:21:48";;"06/06/2026 15:21:14";https://lojarosie2.lojavirtualnuvem.com.br/admin/orders/1988063893;
188;clarasobral2302@gmail.com;"05/06/2026 12:29:22";Aberto;Confirmado;Entregue;BRL;708;35.40;0;672.6;"Maria vieira";06283396585;+5579999539662;"Maria vieira";+5579999539662;"Rua Bela Cintra";1490;"Apto 112";Consolação;"São Paulo";01415001;"São Paulo";Brasil;"Olist Envios IMile";"Nuvem Pago";;;;05/06/2026;20/06/2026;"Calça Reta Jeans - Dirty (Dirty, 40)";579;1;ROSIE-CRJ-DT-40;Mobile;"=""6060926629574""";4426648072;1988151696;Sim;;;;;;Não;;;6.66;;;;665.94;Pix;;"05/06/2026 12:30:06";;"06/06/2026 12:30:21";https://lojarosie2.lojavirtualnuvem.com.br/admin/orders/1988151696;
188;clarasobral2302@gmail.com;;;;;;;;;;;;;;;;;;;;;;;;;;;;;;"Regata Reta - Canelada (Off White, G)";129;1;ROSIE-RRC-OW-G;;;;;Sim;;;;;;;;;;;;;;;;;;;;
187;sarahbatistaa15@gmail.com;"05/06/2026 10:29:34";Aberto;Confirmado;"Não está embalado";BRL;1552;0.00;0;1552;"Sarah Batista";01842622595;+5571997299111;"Sarah Batista";+5571997299111;"Rua José Pancetti";377;"Apt 801";Barra;Salvador;40140420;Bahia;Brasil;"Olist Envios J&T Express";"Nuvem Pago";;;;05/06/2026;;"Calça Reta Jeans - Dirty (Dirty, 34)";579;1;ROSIE-CRJ-DT-34;"Loja virtual";"=""""";4426490811;1988044167;Sim;;;;;;Não;;;62.27;1;;;1489.73;"Cartão de crédito";"Amex ****6375";"05/06/2026 10:29:38";;;https://lojarosie2.lojavirtualnuvem.com.br/admin/orders/1988044167;
187;sarahbatistaa15@gmail.com;;;;;;;;;;;;;;;;;;;;;;;;;;;;;;"Camiseta Clássica - Canelada (Preta, M)";197;1;ROSIE-CMC-PT-M;;;;;Sim;;;;;;;;;;;;;;;;;;;;
187;sarahbatistaa15@gmail.com;;;;;;;;;;;;;;;;;;;;;;;;;;;;;;"Camiseta Clássica - Canelada (Off White, M)";197;1;ROSIE-CMC-OW-M;;;;;Sim;;;;;;;;;;;;;;;;;;;;
187;sarahbatistaa15@gmail.com;;;;;;;;;;;;;;;;;;;;;;;;;;;;;;"Calça Reta Jeans - Dirty (Dirty, 38)";579;1;ROSIE-CRJ-DT-38;;;;;Sim;;;;;;;;;;;;;;;;;;;;
186;dudacervieri@gmail.com;"04/06/2026 16:07:20";Aberto;Confirmado;Entregue;BRL;494;0.00;0;494;"Maria Eduarda Cervieri";48951478866;+5511955502709;"Maria Eduarda cervieri";+5511955502709;"Avenida Campos de Jordão";335;;Tamboré;Barueri;06458252;"São Paulo";Brasil;"Olist Envios Pax";"Nuvem Pago";;;;04/06/2026;09/06/2026;"Calça Clássica - Canelada (Preta, P)";297;1;ROSIE-CCC-PT-P;Mobile;"=""P0XHD85VK0M40S""";4425673697;1987471021;Sim;;;;;;Não;;;20.06;3;34.74;;439.20;"Cartão de crédito";"Amex ****0859";"04/06/2026 16:07:22";;;https://lojarosie2.lojavirtualnuvem.com.br/admin/orders/1987471021;
186;dudacervieri@gmail.com;;;;;;;;;;;;;;;;;;;;;;;;;;;;;;"Camiseta Clássica - Canelada (Preta, P)";197;1;ROSIE-CMC-PT-P;;;;;Sim;;;;;;;;;;;;;;;;;;;;
185;amelienina04@gmail.com;"04/06/2026 14:53:38";Aberto;Confirmado;Entregue;BRL;297;0.00;15.24;312.24;"Amelie Nina";14773047704;+5521993489306;"Amelie Nina";+5521993489306;"Rua Marquês de Olinda";19;;Botafogo;"Rio de Janeiro";22251040;"Rio de Janeiro";Brasil;"Olist Envios IMile";"Nuvem Pago";;;;04/06/2026;11/06/2026;"Calça Clássica - Canelada (Preta, M)";297;1;ROSIE-CCC-PT-M;Mobile;"=""6060826499529""";4425595008;1987411658;Sim;;;;;;Não;;;12.81;3;21.95;;277.48;"Cartão de crédito";"Amex ****5907";"04/06/2026 14:53:41";;;https://lojarosie2.lojavirtualnuvem.com.br/admin/orders/1987411658;
184;GALINDOAMANDA26@GMAIL.COM;"04/06/2026 13:27:33";Aberto;Confirmado;Entregue;BRL;623;31.15;0;591.85;"Amanda GALINDO";01081378565;+5511941542211;"Amanda GALINDO";+5511941542211;"Avenida Magalhães de Castro, 12000";12000;"TORRE ipes APT 220";"Cidade Jardim";"São Paulo";05676900;"São Paulo";Brasil;"Olist Envios IMile";"Nuvem Pago";;;;04/06/2026;15/06/2026;"Camiseta Clássica - Canelada (Off White, P)";197;1;ROSIE-CMC-OW-P;Mobile;"=""6060826554893""";4425499277;1983721584;Sim;;;;;;Não;;;5.86;;;;585.99;Pix;;"04/06/2026 13:27:59";;"05/06/2026 13:28:32";https://lojarosie2.lojavirtualnuvem.com.br/admin/orders/1983721584;
184;GALINDOAMANDA26@GMAIL.COM;;;;;;;;;;;;;;;;;;;;;;;;;;;;;;"Calça Clássica - Canelada (Off White, M)";297;1;ROSIE-CCC-OW-M;;;;;Sim;;;;;;;;;;;;;;;;;;;;
184;GALINDOAMANDA26@GMAIL.COM;;;;;;;;;;;;;;;;;;;;;;;;;;;;;;"Regata Reta - Canelada (Off White, P)";129;1;ROSIE-RRC-OW-P;;;;;Sim;;;;;;;;;;;;;;;;;;;;
183;melozara3@gmail.com;"04/06/2026 13:07:11";Aberto;Recusado;"Não está embalado";BRL;634;0.00;0;634;"Zara Soares de Melo";72014507430;+5583993879062;"Zara Soares de Melo";+5583993879062;"Rua Abelardo da Silva Guimarães Barreto";51;"Apt 2902A";"Altiplano Cabo Branco";"João Pessoa";58046110;Paraíba;Brasil;"Olist Envios Correios SEDEX";"Nuvem Pago";;;;;;"Calça Clássica - Canelada (Mescla, P)";297;1;ROSIE-CCC-ME-P;Mobile;"=""""";4425476620;1987297264;Sim;;;;;;Não;;;;1;;;;"Cartão de crédito";"Visa ****6278";;;;https://lojarosie2.lojavirtualnuvem.com.br/admin/orders/1987297264;
183;melozara3@gmail.com;;;;;;;;;;;;;;;;;;;;;;;;;;;;;;"Regata Clássica Canelada Algodão (Mescla, PP)";119;1;ROSIE-RCA-ME-PP;;;;;Sim;;;;;;;;;;;;;;;;;;;;
183;melozara3@gmail.com;;;;;;;;;;;;;;;;;;;;;;;;;;;;;;"Mini Shorts Clássico Canelado Algodão (Rosa, P)";99;1;ROSIE-MSC-RS-P;;;;;Sim;;;;;;;;;;;;;;;;;;;;
183;melozara3@gmail.com;;;;;;;;;;;;;;;;;;;;;;;;;;;;;;"Regata Clássica Canelada Algodão (Rosa, P)";119;1;ROSIE-RCA-RS-P;;;;;Sim;;;;;;;;;;;;;;;;;;;;
182;itsbarbarafranco@gmail.com;"03/06/2026 22:43:21";Aberto;Confirmado;Entregue;BRL;579;0.00;0;579;"Barbara Franco";18282800708;+5521988849699;"Barbara Franco";+5521988849699;"Rua Floriano Fontoura";925;Casa;"Barra da Tijuca";"Rio de Janeiro";22793314;"Rio de Janeiro";Brasil;"Olist Envios IMile";"Nuvem Pago";;;;03/06/2026;12/06/2026;"Calça Reta Jeans - Dirty (Dirty, 38)";579;1;ROSIE-CRJ-DT-38;Mobile;"=""6060826625175""";4424986222;1986921055;Sim;;;;;;Não;;;23.45;1;;;555.55;"Cartão de crédito";"Mastercard ****8137";"03/06/2026 22:46:36";;;https://lojarosie2.lojavirtualnuvem.com.br/admin/orders/1986921055;
181;itsbarbarafranco@gmail.com;"03/06/2026 22:42:22";Cancelado;Vencido;"Não está embalado";BRL;579;28.95;0;550.05;"Barbara Franco";18282800708;+5521988849699;"Barbara Franco";+5521988849699;"Rua Floriano Fontoura";925;Casa;"Barra da Tijuca";"Rio de Janeiro";22793314;"Rio de Janeiro";Brasil;"Olist Envios IMile";"Nuvem Pago";;;;;;"Calça Reta Jeans - Dirty (Dirty, 38)";579;1;ROSIE-CRJ-DT-38;Mobile;"=""""";4424985486;1986920099;Sim;;;;"04/06/2026 22:46:37";"Cancelamento automático";Não;;;;;;;;Pix;;;;"04/06/2026 22:43:21";https://lojarosie2.lojavirtualnuvem.com.br/admin/orders/1986920099;
180;kxzynnnn@gmail.com;"03/06/2026 22:41:19";Cancelado;Vencido;"Não está embalado";BRL;579;28.95;0;550.05;"Barbara Franco";15854897784;+5524988552911;"Barbara Franco";+5524988552911;"Rua Floriano Fontoura";925;"Cond. Santa Monica Jardins";"Barra da Tijuca";"Rio de Janeiro";22793314;"Rio de Janeiro";Brasil;"Olist Envios IMile";"Nuvem Pago";;;;;;"Calça Reta Jeans - Dirty (Dirty, 38)";579;1;ROSIE-CRJ-DT-38;Mobile;"=""""";4424984707;1986918383;Sim;;;;"04/06/2026 22:41:47";"Cancelamento automático";Não;;;;;;;;Pix;;;;"04/06/2026 22:42:18";https://lojarosie2.lojavirtualnuvem.com.br/admin/orders/1986918383;
179;kxzynnnn@gmail.com;"03/06/2026 22:37:55";Cancelado;Vencido;"Não está embalado";BRL;579;28.95;0;550.05;"Barbara Franco";15854897784;+5524988552911;"Barbara Franco";+5524988552911;"Rua Floriano Fontoura";925;"Cond. Santa Monica Jardins";"Barra da Tijuca";"Rio de Janeiro";22793314;"Rio de Janeiro";Brasil;"Olist Envios IMile";"Nuvem Pago";;;;;;"Calça Reta Jeans - Dirty (Dirty, 38)";579;1;ROSIE-CRJ-DT-38;"Loja virtual";"=""""";4424982165;1986915931;Sim;;;;"04/06/2026 22:41:48";"Cancelamento automático";Não;;;;;;;;Pix;;;;"04/06/2026 22:38:53";https://lojarosie2.lojavirtualnuvem.com.br/admin/orders/1986915931;
178;kxzynnnn@gmail.com;"03/06/2026 22:35:26";Cancelado;Vencido;"Não está embalado";BRL;579;28.95;0;550.05;"Barbara Franco";15854897784;+5524988552911;"Barbara Franco";+5524988552911;"Rua Floriano Fontoura";925;"Cond. Santa Monica Jardins";"Barra da Tijuca";"Rio de Janeiro";22793314;"Rio de Janeiro";Brasil;"Olist Envios Correios SEDEX";"Nuvem Pago";;;;;;"Calça Reta Jeans - Dirty (Dirty, 38)";579;1;ROSIE-CRJ-DT-38;"Loja virtual";"=""""";4424980297;1986896278;Sim;;;;"04/06/2026 22:36:25";"Cancelamento automático";Não;;;;;;;;Pix;;;;"04/06/2026 22:36:24";https://lojarosie2.lojavirtualnuvem.com.br/admin/orders/1986896278;
177;melozara3@gmail.com;"03/06/2026 16:12:42";Aberto;Recusado;"Não está embalado";BRL;1188;0.00;0;1188;"Zara Soares de Melo";72014507430;+5583993879062;"Zara Soares de Melo";+5583993879062;"Rua Abelardo da Silva Guimarães Barreto";51;"Apt 2902A";"Altiplano Cabo Branco";"João Pessoa";58046110;Paraíba;Brasil;"Olist Envios J&T Express";"Nuvem Pago";;;;;;"Regata Clássica - Paetê (PP)";297;1;ROSIE-RCP-PP;Mobile;"=""""";4424603500;1986585069;Sim;;;;;;Não;;;;4;;;;"Cartão de crédito";"Visa ****6278";;;;https://lojarosie2.lojavirtualnuvem.com.br/admin/orders/1986585069;
177;melozara3@gmail.com;;;;;;;;;;;;;;;;;;;;;;;;;;;;;;"Regata Clássica Canelada Algodão (Amarela, PP)";119;1;ROSIE-RCA-AM-PP;;;;;Sim;;;;;;;;;;;;;;;;;;;;
177;melozara3@gmail.com;;;;;;;;;;;;;;;;;;;;;;;;;;;;;;"Calça Clássica - Canelada (Rosa, P)";297;1;ROSIE-CCC-RS-P;;;;;Sim;;;;;;;;;;;;;;;;;;;;
177;melozara3@gmail.com;;;;;;;;;;;;;;;;;;;;;;;;;;;;;;"Mini Shorts Clássico - Paetê (P)";257;1;ROSIE-MSP-P;;;;;Sim;;;;;;;;;;;;;;;;;;;;
177;melozara3@gmail.com;;;;;;;;;;;;;;;;;;;;;;;;;;;;;;"Regata Clássica Canelada Algodão (Rosa, P)";119;1;ROSIE-RCA-RS-P;;;;;Sim;;;;;;;;;;;;;;;;;;;;
177;melozara3@gmail.com;;;;;;;;;;;;;;;;;;;;;;;;;;;;;;"Mini Shorts Clássico Canelado Algodão (Amarela, PP)";99;1;ROSIE-MSC-AM-PP;;;;;Sim;;;;;;;;;;;;;;;;;;;;
176;tunifariaguedess@gmail.com;"03/06/2026 13:04:43";Aberto;Confirmado;Entregue;BRL;476;23.80;0;452.2;"Antonia Guedes";56979314840;+5521998641009;"Antonia Guedes";+5521998641009;"Rua Brisa do Mar";80;;"Barra da Tijuca";"Rio de Janeiro";22793430;"Rio de Janeiro";Brasil;"Olist Envios Correios SEDEX";"Nuvem Pago";;;;03/06/2026;10/06/2026;"Regata Clássica Canelada Algodão (Preta, PP)";119;2;ROSIE-RCA-PT-PP;"Loja virtual";"=""AD542150469BR""";4424295592;1986447937;Sim;;;;;;Não;;;4.48;;;;447.72;Pix;;"03/06/2026 13:05:09";;"04/06/2026 13:05:42";https://lojarosie2.lojavirtualnuvem.com.br/admin/orders/1986447937;
176;tunifariaguedess@gmail.com;;;;;;;;;;;;;;;;;;;;;;;;;;;;;;"Regata Clássica Canelada Algodão (Off White, PP)";119;2;ROSIE-RCA-OW-PP;;;;;Sim;;;;;;;;;;;;;;;;;;;;
175;victoriameyersa2708@gmail.com;"03/06/2026 10:26:10";Cancelado;Vencido;"Não está embalado";BRL;494;24.70;0;469.3;"Victoria Meyer sa";17149603742;+5521979240032;"Victoria Meyer sa";+5521979240032;"Avenida Delfim Moreira";996;"Ap 101";Leblon;"Rio de Janeiro";22441000;"Rio de Janeiro";Brasil;"Olist Envios IMile";"Nuvem Pago";;;;;;"Calça Clássica - Canelada (Rosa, M)";297;1;ROSIE-CCC-RS-M;Mobile;"=""""";4424094686;1986325679;Sim;;;;"04/06/2026 10:26:30";"Cancelamento automático";Não;;;;;;;;Pix;;;;"04/06/2026 10:27:09";https://lojarosie2.lojavirtualnuvem.com.br/admin/orders/1986325679;
175;victoriameyersa2708@gmail.com;;;;;;;;;;;;;;;;;;;;;;;;;;;;;;"Camiseta Clássica - Canelada (Rosa, P)";197;1;ROSIE-CMC-RS-P;;;;;Sim;;;;;;;;;;;;;;;;;;;;
174;victoriameyersa2708@gmail.com;"03/06/2026 09:00:49";Cancelado;Vencido;"Não está embalado";BRL;494;24.70;0;469.3;"Victoria Meyer sa";17149603742;+5521979240032;"Victoria Meyer sa";+5521979240032;"Avenida Delfim Moreira";996;"Ap 101";Leblon;"Rio de Janeiro";22441000;"Rio de Janeiro";Brasil;"Olist Envios IMile";"Nuvem Pago";;;;;;"Calça Clássica - Canelada (Rosa, M)";297;1;ROSIE-CCC-RS-M;Mobile;"=""""";4423980161;1986263418;Sim;;;;"04/06/2026 09:01:25";"Cancelamento automático";Não;;;;;;;;Pix;;;;"04/06/2026 09:01:47";https://lojarosie2.lojavirtualnuvem.com.br/admin/orders/1986263418;
174;victoriameyersa2708@gmail.com;;;;;;;;;;;;;;;;;;;;;;;;;;;;;;"Camiseta Clássica - Canelada (Rosa, P)";197;1;ROSIE-CMC-RS-P;;;;;Sim;;;;;;;;;;;;;;;;;;;;
173;victoriameyersa2708@gmail.com;"03/06/2026 08:58:37";Cancelado;Vencido;"Não está embalado";BRL;494;24.70;0;469.3;"Victoria Meyer sa";17149603742;+5521979240032;"Victoria Meyer sa";+5521979240032;"Avenida Delfim Moreira";996;"Ap 101";Leblon;"Rio de Janeiro";22441000;"Rio de Janeiro";Brasil;"Olist Envios IMile";"Nuvem Pago";;;;;;"Calça Clássica - Canelada (Amarela, M)";297;1;ROSIE-CCC-AM-M;Mobile;"=""""";4423976968;1986249778;Sim;;;;"04/06/2026 09:01:26";"Cancelamento automático";Não;;;;;;;;Pix;;;;"04/06/2026 08:59:36";https://lojarosie2.lojavirtualnuvem.com.br/admin/orders/1986249778;
173;victoriameyersa2708@gmail.com;;;;;;;;;;;;;;;;;;;;;;;;;;;;;;"Camiseta Clássica - Canelada (Rosa, P)";197;1;ROSIE-CMC-RS-P;;;;;Sim;;;;;;;;;;;;;;;;;;;;
172;mayarariscado@id.uff.br;"02/06/2026 14:04:47";Aberto;Confirmado;Entregue;BRL;189;9.45;17.52;197.07;"Mayara Riscado";12972289790;+5524998384065;"Mayara Riscado";+5524998384065;"Avenida Marquês de Barbacena";111;;Jacuacanga;"Angra dos Reis";23914370;"Rio de Janeiro";Brasil;"Olist Envios J&T Express";"Nuvem Pago";;;;02/06/2026;10/06/2026;"Regata Muscle - Pima (Off White, P)";189;1;ROSIE-RMP-OW-P;Mobile;"=""888030755049841""";4423085178;1985594284;Sim;;;;;;Não;;;1.95;;;;195.12;Pix;;"02/06/2026 14:19:00";;"03/06/2026 14:05:45";https://lojarosie2.lojavirtualnuvem.com.br/admin/orders/1985594284;
171;trotsenkovita@gmail.com;"02/06/2026 11:24:02";Aberto;Confirmado;Entregue;BRL;218;0.00;11.78;229.78;"Vitaliya Trotsenko";13841798870;+5511945554055;"Vitaliya Trotsenko";+5511945554055;"Rua Barão do Triunfo";1220;91;"Brooklin Paulista";"São Paulo";04602005;"São Paulo";Brasil;"Olist Envios Pax";"Nuvem Pago";;;;02/06/2026;09/06/2026;"Regata Clássica Canelada Algodão (Rosa, P)";119;1;ROSIE-RCA-RS-P;Mobile;"=""P0XXJJE3C8E85M""";4422870324;1985474928;Sim;;;;;;Não;;;9.52;1;;;220.26;"Cartão de crédito";"Visa ****6310";"02/06/2026 11:24:06";;;https://lojarosie2.lojavirtualnuvem.com.br/admin/orders/1985474928;
171;trotsenkovita@gmail.com;;;;;;;;;;;;;;;;;;;;;;;;;;;;;;"Mini Shorts Clássico Canelado Algodão (Rosa, P)";99;1;ROSIE-MSC-RS-P;;;;;Sim;;;;;;;;;;;;;;;;;;;;
170;manublatt06@gmail.com;"02/06/2026 10:26:16";Aberto;Confirmado;Entregue;BRL;555;0.00;0;555;"Manuela Blatt";20601759761;+5521990118544;"Manuela Blatt";+5521990118544;"Rua Joana Angélica";35;"Apto 501";Ipanema;"Rio de Janeiro";22420030;"Rio de Janeiro";Brasil;"Olist Envios IMile";"Nuvem Pago";;;;02/06/2026;11/06/2026;"Regata Clássica Canelada Algodão (Off White, P)";119;1;ROSIE-RCA-OW-P;Mobile;"=""6060826562539""";4422793739;1985424695;Sim;;;;;;Não;;;22.49;1;;;532.51;"Cartão de crédito";"Visa ****5612";"02/06/2026 10:26:18";;;https://lojarosie2.lojavirtualnuvem.com.br/admin/orders/1985424695;
170;manublatt06@gmail.com;;;;;;;;;;;;;;;;;;;;;;;;;;;;;;"Regata Clássica Canelada Algodão (Preta, P)";119;1;ROSIE-RCA-PT-P;;;;;Sim;;;;;;;;;;;;;;;;;;;;
170;manublatt06@gmail.com;;;;;;;;;;;;;;;;;;;;;;;;;;;;;;"Regata Clássica Canelada Algodão (Rosa, P)";119;1;ROSIE-RCA-RS-P;;;;;Sim;;;;;;;;;;;;;;;;;;;;
170;manublatt06@gmail.com;;;;;;;;;;;;;;;;;;;;;;;;;;;;;;"Mini Shorts Clássico Canelado Algodão (Preta, P)";99;1;ROSIE-MSC-PT-P;;;;;Sim;;;;;;;;;;;;;;;;;;;;
170;manublatt06@gmail.com;;;;;;;;;;;;;;;;;;;;;;;;;;;;;;"Mini Shorts Clássico Canelado Algodão (Rosa, P)";99;1;ROSIE-MSC-RS-P;;;;;Sim;;;;;;;;;;;;;;;;;;;;
169;mariaamorafarina@gmail.com;"02/06/2026 08:35:51";Aberto;Confirmado;Entregue;BRL;494;0.00;0;494;"Maria Clara Farina Rosa";13912926930;+5549998301013;"Maria Clara Farina Rosa";+5549998301013;"Rua José Costa Carvalho";423;;"São Cristóvão";Chapecó;89803320;"Santa Catarina";Brasil;"Olist Envios J&T Express";"Nuvem Pago";;;;02/06/2026;11/06/2026;"Calça Clássica - Canelada (Rosa, M)";297;1;ROSIE-CCC-RS-M;Mobile;"=""888030756308947""";4422646918;1985341218;Sim;;;;;;Não;;;20.06;4;40.40;;433.54;"Cartão de crédito";"Elo ****0410";"02/06/2026 08:35:53";;;https://lojarosie2.lojavirtualnuvem.com.br/admin/orders/1985341218;
169;mariaamorafarina@gmail.com;;;;;;;;;;;;;;;;;;;;;;;;;;;;;;"Camiseta Clássica - Canelada (Rosa, P)";197;1;ROSIE-CMC-RS-P;;;;;Sim;;;;;;;;;;;;;;;;;;;;
168;fernandasala55fmt@gmail.com;"01/06/2026 20:21:46";Aberto;Confirmado;Entregue;BRL;378;0.00;16.82;394.82;"Fernanda Antunes";40509844820;+5512982959000;"Fernanda Antunes";+5512982959000;"Rua Coronel João Cursino";223;"Apto 81";"Vila Adyana";"São José dos Campos";12243680;"São Paulo";Brasil;"Olist Envios IMile";"Nuvem Pago";;;;01/06/2026;11/06/2026;"Regata Muscle - Pima (Off White, P)";189;1;ROSIE-RMP-OW-P;Mobile;"=""6060526324372""";4422265863;1983541677;Sim;;;;;;Não;;;16.10;3;27.76;;350.96;"Cartão de crédito";"Mastercard ****3713";"01/06/2026 20:21:50";;;https://lojarosie2.lojavirtualnuvem.com.br/admin/orders/1983541677;
168;fernandasala55fmt@gmail.com;;;;;;;;;;;;;;;;;;;;;;;;;;;;;;"Regata Muscle - Pima (Preta, P)";189;1;ROSIE-RMP-PT-P;;;;;Sim;;;;;;;;;;;;;;;;;;;;
167;giuliacoelho@icloud.com;"01/06/2026 15:31:39";Aberto;Confirmado;Entregue;BRL;99;4.95;10.68;104.73;"Giulia Coelho";44449404840;+5511964107202;"Giulia coelho";+5511964107202;"Rua Arcanjo Cassiel";15;;"Jardim Denise";"São Paulo";02378335;"São Paulo";Brasil;"Olist Envios Pax";"Nuvem Pago";;;;01/06/2026;09/06/2026;"Mini Shorts Clássico Canelado Algodão (Preta, P)";99;1;ROSIE-MSC-PT-P;Mobile;"=""P0XQNGEG7JOV5L""";4421909347;1984789266;Sim;;;;;;Não;;;1.04;;;;103.69;Pix;;"01/06/2026 15:32:25";;"02/06/2026 15:32:37";https://lojarosie2.lojavirtualnuvem.com.br/admin/orders/1984789266;
166;CAROLMNZS98@GMAIL.COM;"01/06/2026 13:32:02";Aberto;Confirmado;Entregue;BRL;317;0.00;19.18;336.18;"Caroline Belitardo";05754516533;+5571991784788;"Caroline MENEZES";+5571991784788;"Rua Waldemar Falcão";1449;"Apto 2902";"Horto Florestal";Salvador;40295010;Bahia;Brasil;"Olist Envios IMile";"Nuvem Pago";;;;01/06/2026;14/06/2026;"Regata Clássica Canelada Algodão (Mescla, P)";119;1;ROSIE-RCA-ME-P;Mobile;"=""6060526592521""";4421749052;1984698842;Sim;;;;;;Não;;;13.76;2;19.35;;303.07;"Cartão de crédito";"Visa ****7712";"01/06/2026 13:32:07";;;https://lojarosie2.lojavirtualnuvem.com.br/admin/orders/1984698842;
166;CAROLMNZS98@GMAIL.COM;;;;;;;;;;;;;;;;;;;;;;;;;;;;;;"Mini Shorts Clássico Canelado Algodão (Mescla, P)";99;1;ROSIE-MSC-ME-P;;;;;Sim;;;;;;;;;;;;;;;;;;;;
166;CAROLMNZS98@GMAIL.COM;;;;;;;;;;;;;;;;;;;;;;;;;;;;;;"Mini Shorts Clássico Canelado Algodão (Preta, P)";99;1;ROSIE-MSC-PT-P;;;;;Sim;;;;;;;;;;;;;;;;;;;;
165;patydjs@icloud.com;"01/06/2026 12:40:28";Aberto;Confirmado;Entregue;BRL;1009;50.45;0;958.55;"Patricia de Jesus";18788233880;+5511953189678;"Patricia de Jesus";+5511953189678;"Rua Leopoldo Couto Magalhães Júnior";1305;81;"Itaim Bibi";"São Paulo";04542012;"São Paulo";Brasil;"Olist Envios Pax";"Nuvem Pago";;;;01/06/2026;09/06/2026;"Regata Clássica Canelada Algodão (Rosa, P)";119;1;ROSIE-RCA-RS-P;Mobile;"=""P0XH2FTI78QHK7""";4421677480;1984660009;Sim;;;;;;Não;;;9.49;;;;949.06;Pix;;"01/06/2026 12:41:14";;"02/06/2026 12:41:26";https://lojarosie2.lojavirtualnuvem.com.br/admin/orders/1984660009;
165;patydjs@icloud.com;;;;;;;;;;;;;;;;;;;;;;;;;;;;;;"Calça Clássica - Canelada (Rosa, M)";297;1;ROSIE-CCC-RS-M;;;;;Sim;;;;;;;;;;;;;;;;;;;;
165;patydjs@icloud.com;;;;;;;;;;;;;;;;;;;;;;;;;;;;;;"Camiseta Clássica - Canelada (Rosa, P)";197;1;ROSIE-CMC-RS-P;;;;;Sim;;;;;;;;;;;;;;;;;;;;
165;patydjs@icloud.com;;;;;;;;;;;;;;;;;;;;;;;;;;;;;;"Set Clássico - Neon (Hot Pink, P)";357;1;ROSIE-SRS-HP-P;;;;;Sim;;;;;;;;;;;;;;;;;;;;
165;patydjs@icloud.com;;;;;;;;;;;;;;;;;;;;;;;;;;;;;;"Faixa de Cabelo - Canelada (Rosa)";39;1;ROSIE-FCC-RS;;;;;Sim;;;;;;;;;;;;;;;;;;;;
164;mariajuliahguimaraes@gmail.com;"01/06/2026 11:42:06";Aberto;Confirmado;Entregue;BRL;198;9.90;50.9;239;"Maria guimaraes";13091661962;+5548991344491;"Maria guimaraes";+5548991344491;"Avenida dos Búzios";2965;"casa 12A, condomínio premier";"Jurerê Internacional";Florianópolis;88053301;"Santa Catarina";Brasil;"Olist Envios Correios SEDEX";"Nuvem Pago";;;;01/06/2026;10/06/2026;"Mini Shorts Clássico Canelado Algodão (Off White, PP)";99;2;ROSIE-MSC-OW-PP;Mobile;"=""AD533165624BR""";4421594702;1984614935;Sim;;;;;;Não;;;2.37;;;;236.63;Pix;;"01/06/2026 11:43:17";;"02/06/2026 11:43:03";https://lojarosie2.lojavirtualnuvem.com.br/admin/orders/1984614935;
163;arianaspinheiro@hotmail.com;"01/06/2026 10:30:53";Aberto;Confirmado;Entregue;BRL;495;24.75;0;470.25;"Ariana Pinheiro";09372071951;+5544999038790;"Ariana Pinheiro";+5544999038790;"Avenida Guedner";521;"Apto 702";"Zona 08";Maringá;87050390;Paraná;Brasil;"Olist Envios Correios SEDEX";"Nuvem Pago";;;;01/06/2026;11/06/2026;"Calça Clássica - Canelada (Mescla, M)";297;1;ROSIE-CCC-ME-M;"Loja virtual";"=""AD533165598BR""";4421489495;1984555115;Sim;;;;;;Não;;;4.66;;;;465.59;Pix;;"01/06/2026 10:31:51";;"02/06/2026 10:31:52";https://lojarosie2.lojavirtualnuvem.com.br/admin/orders/1984555115;
163;arianaspinheiro@hotmail.com;;;;;;;;;;;;;;;;;;;;;;;;;;;;;;"Mini Shorts Clássico Canelado Algodão (Rosa, M)";99;1;ROSIE-MSC-RS-M;;;;;Sim;;;;;;;;;;;;;;;;;;;;
163;arianaspinheiro@hotmail.com;;;;;;;;;;;;;;;;;;;;;;;;;;;;;;"Mini Shorts Clássico Canelado Algodão (Marrom, M)";99;1;ROSIE-MSC-MR-M;;;;;Sim;;;;;;;;;;;;;;;;;;;;
162;thaaimoreira@gmail.com;"01/06/2026 05:14:51";Aberto;Confirmado;Entregue;BRL;436;0.00;0;436;"Thainara Moreira";05481606518;+5571999112067;"Thainara Moreira";+5571999112067;"Alameda Marine";73;"Ap 903b";"Costa Azul";Salvador;41760037;Bahia;Brasil;"Olist Envios Correios SEDEX";"Nuvem Pago";;;;01/06/2026;10/06/2026;"Regata Clássica Canelada Algodão (Mescla, M)";119;1;ROSIE-RCA-ME-M;Mobile;"=""AD533165540BR""";4421176908;1983689461;Sim;;;;;;Não;;;17.75;4;35.65;;382.60;"Cartão de crédito";"Visa ****1926";"01/06/2026 05:14:57";;;https://lojarosie2.lojavirtualnuvem.com.br/admin/orders/1983689461;
162;thaaimoreira@gmail.com;;;;;;;;;;;;;;;;;;;;;;;;;;;;;;"Regata Clássica Canelada Algodão (Rosa, M)";119;1;ROSIE-RCA-RS-M;;;;;Sim;;;;;;;;;;;;;;;;;;;;
162;thaaimoreira@gmail.com;;;;;;;;;;;;;;;;;;;;;;;;;;;;;;"Mini Shorts Clássico Canelado Algodão (Mescla, M)";99;1;ROSIE-MSC-ME-M;;;;;Sim;;;;;;;;;;;;;;;;;;;;
162;thaaimoreira@gmail.com;;;;;;;;;;;;;;;;;;;;;;;;;;;;;;"Mini Shorts Clássico Canelado Algodão (Rosa, M)";99;1;ROSIE-MSC-RS-M;;;;;Sim;;;;;;;;;;;;;;;;;;;;
161;rachelpaes11@gmail.com;"31/05/2026 22:45:52";Aberto;Confirmado;Entregue;BRL;876;0.00;0;876;"Rachel Suhett";13690300703;+5521979185267;"Rachel Suhett";+5521979185267;"Rua Mariz e Barros";612;"Apt 502, Bl 3";"Praça da Bandeira";"Rio de Janeiro";20270001;"Rio de Janeiro";Brasil;"Olist Envios IMile";"Nuvem Pago";;;;31/05/2026;07/06/2026;"Calça Clássica - Canelada (Preta, M)";297;1;ROSIE-CCC-PT-M;Mobile;"=""6060226676005""";4421049871;1980003235;Sim;;;;;;Não;;;35.31;2;50.45;;790.24;"Cartão de crédito";"Visa ****0125";"31/05/2026 22:45:55";;;https://lojarosie2.lojavirtualnuvem.com.br/admin/orders/1980003235;
161;rachelpaes11@gmail.com;;;;;;;;;;;;;;;;;;;;;;;;;;;;;;"Calça Reta Jeans - Escuro (Escuro, 38)";579;1;ROSIE-CRJ-ES-38;;;;;Sim;;;;;;;;;;;;;;;;;;;;
160;sossolopes901@gmail.com;"30/05/2026 20:01:57";Aberto;Confirmado;Entregue;BRL;427;21.35;0;405.65;"Sofia Lopes";12402211776;+5521997059797;"Sofia Lopes";+5521997059797;"Rua Tiradentes";149;1301;Ingá;Niterói;24210510;"Rio de Janeiro";Brasil;"Olist Envios Correios SEDEX";"Nuvem Pago";;;;30/05/2026;10/06/2026;"Regata Clássica Canelada Algodão (Preta, XGG)";119;1;ROSIE-RCA-PT-XGG;"Loja virtual";"=""AD530862158BR""";4419725441;1983089123;Sim;;;;;;Não;;;4.02;;;;401.63;Pix;;"30/05/2026 20:02:21";;"31/05/2026 20:02:56";https://lojarosie2.lojavirtualnuvem.com.br/admin/orders/1983089123;
160;sossolopes901@gmail.com;;;;;;;;;;;;;;;;;;;;;;;;;;;;;;"Regata Clássica Canelada Algodão (Off White, XGG)";119;1;ROSIE-RCA-OW-XGG;;;;;Sim;;;;;;;;;;;;;;;;;;;;
160;sossolopes901@gmail.com;;;;;;;;;;;;;;;;;;;;;;;;;;;;;;"Camiseta Boxer - Pima (Off White, XGG)";189;1;ROSIE-CBP-OW-XGG;;;;;Sim;;;;;;;;;;;;;;;;;;;;
159;sg7141128@gmail.com;"30/05/2026 15:46:40";Aberto;Confirmado;Entregue;BRL;494;0.00;0;494;"Sophia Bouziani";14079039930;+5548999502137;"Sophia Bouziani";+5548999502137;"Rua Walter da Silva Koerich";150;Ap1101;Kobrasol;"São José";88101370;"Santa Catarina";Brasil;"Olist Envios Correios SEDEX";"Nuvem Pago";;;;30/05/2026;10/06/2026;"Calça Clássica - Canelada (Amarela, P)";297;1;ROSIE-CCC-AM-P;Mobile;"=""AD533165519BR""";4419424849;1983209974;Sim;;;;;;Não;;;20.06;1;;;473.94;"Cartão de crédito";"Visa ****4686";"30/05/2026 15:46:42";;;https://lojarosie2.lojavirtualnuvem.com.br/admin/orders/1983209974;
159;sg7141128@gmail.com;;;;;;;;;;;;;;;;;;;;;;;;;;;;;;"Camiseta Clássica - Canelada (Amarela, P)";197;1;ROSIE-CMC-AM-P;;;;;Sim;;;;;;;;;;;;;;;;;;;;
158;sofia.ivorra@gmail.com;"30/05/2026 14:50:22";Aberto;Confirmado;Entregue;BRL;579;28.95;0;550.05;"Sofia Ivorra";19402755713;+5521997891919;"Sofia Ivorra";+5521997891919;"Avenida Doutor Cardoso de Melo";699;212;"Vila Olímpia";"São Paulo";04548003;"São Paulo";Brasil;"Olist Envios IMile";"Nuvem Pago";;;;30/05/2026;06/06/2026;"Calça Reta Jeans - Claro (Claro, 34)";579;1;ROSIE-CRJ-CL-34;Mobile;"=""6060226223643""";4419355712;1983175364;Sim;;;;;;Não;;;5.45;;;;544.60;Pix;;"30/05/2026 14:50:59";;"31/05/2026 14:51:21";https://lojarosie2.lojavirtualnuvem.com.br/admin/orders/1983175364;
157;juliargalhano@gmail.com;"30/05/2026 00:39:14";Aberto;Confirmado;Entregue;BRL;936;0.00;0;936;"Julia Galhano";16597498755;+5521987297850;"Julia Galhano";+5521987297850;"Avenida Nilo Peçanha";26;"Deixar na portaria do cartório ";Centro;"Rio de Janeiro";20020100;"Rio de Janeiro";Brasil;"Olist Envios IMile";"Nuvem Pago";;;;30/05/2026;11/06/2026;"Calça Reta Jeans - Dirty (Dirty, 38)";579;1;ROSIE-CRJ-DT-38;Mobile;"=""6060226352082""";4418704118;1982807471;Sim;;;;;;Não;;;37.70;5;88.88;;809.42;"Cartão de crédito";"Visa ****5678";"30/05/2026 00:39:18";;;https://lojarosie2.lojavirtualnuvem.com.br/admin/orders/1982807471;
157;juliargalhano@gmail.com;;;;;;;;;;;;;;;;;;;;;;;;;;;;;;"Set Clássico - Neon (Hot Pink, P)";357;1;ROSIE-SRS-HP-P;;;;;Sim;;;;;;;;;;;;;;;;;;;;
156;barizon.patricia@gmail.com;"29/05/2026 13:30:35";Aberto;Confirmado;Entregue;BRL;198;0.00;14.04;212.04;"Patricia Barizon";00617928703;+5521991035260;"Patricia Barizon";+5521991035260;"Rua Professor Gastão Bahiana";400;704;Copacabana;"Rio de Janeiro";22071030;"Rio de Janeiro";Brasil;"Olist Envios IMile";"Nuvem Pago";;;;29/05/2026;08/06/2026;"Mini Shorts Clássico Canelado Algodão (Preta, PP)";99;1;ROSIE-MSC-PT-PP;Mobile;"=""6060226659601""";4417968399;1982356472;Sim;;;;;;Não;;;8.81;2;12.20;;191.03;"Cartão de crédito";"Mastercard ****7423";"29/05/2026 13:30:40";;;https://lojarosie2.lojavirtualnuvem.com.br/admin/orders/1982356472;
156;barizon.patricia@gmail.com;;;;;;;;;;;;;;;;;;;;;;;;;;;;;;"Mini Shorts Clássico Canelado Algodão (Mescla, PP)";99;1;ROSIE-MSC-ME-PP;;;;;Sim;;;;;;;;;;;;;;;;;;;;
155;alineariadneassis@gmail.com;"29/05/2026 10:47:47";Aberto;Confirmado;Entregue;BRL;218;10.90;17.3;224.4;"Aline Ariadne Assis";39932439860;+5511991440655;"Aline Assis";+5511991440655;"Rua Lydia Cainelli Gabriel";122;;"Loteamento Residencial Vale das Águas";Itatiba;13255194;"São Paulo";Brasil;"Olist Envios J&T Express";"Nuvem Pago";;;;29/05/2026;05/06/2026;"Mini Shorts Clássico Canelado Algodão (Rosa, M)";99;1;ROSIE-MSC-RS-M;Mobile;"=""888030739774762""";4417759155;1982214090;Sim;;;;;;Não;;;2.22;;;;222.18;Pix;;"29/05/2026 10:50:47";;"30/05/2026 10:48:46";https://lojarosie2.lojavirtualnuvem.com.br/admin/orders/1982214090;
155;alineariadneassis@gmail.com;;;;;;;;;;;;;;;;;;;;;;;;;;;;;;"Regata Clássica Canelada Algodão (Rosa, M)";119;1;ROSIE-RCA-RS-M;;;;;Sim;;;;;;;;;;;;;;;;;;;;
154;gabizinha321lopes@gmail.com;"28/05/2026 22:50:47";Aberto;Confirmado;Entregue;BRL;238;11.90;11.96;238.06;"gabriela Lopes";45643049848;+5511960608393;"Gabriela Lopes";+5511960608393;"Rua Osório Duque Estrada";40;"Apto 1207";Paraíso;"São Paulo";04001120;"São Paulo";Brasil;"Olist Envios Pax";"Nuvem Pago";;;;28/05/2026;05/06/2026;"Regata Clássica Canelada Algodão (Preta, P)";119;1;ROSIE-RCA-PT-P;Mobile;"=""P0XDSWFBVDANKB""";4417343405;1981941034;Sim;;;;;;Não;;;2.36;;;;235.70;Pix;;"28/05/2026 22:51:20";;"29/05/2026 22:51:45";https://lojarosie2.lojavirtualnuvem.com.br/admin/orders/1981941034;
154;gabizinha321lopes@gmail.com;;;;;;;;;;;;;;;;;;;;;;;;;;;;;;"Regata Clássica Canelada Algodão (Amarela, PP)";119;1;ROSIE-RCA-AM-PP;;;;;Sim;;;;;;;;;;;;;;;;;;;;
153;thallyacm@icloud.com;"28/05/2026 21:46:39";Aberto;Confirmado;Entregue;BRL;579;0.00;0;579;"Thállya Moura";52880543800;+5513981945266;"Thállya moura";+5513981945266;"Rua Maranhão";371;"apto 707";Higienópolis;"São Paulo";01240001;"São Paulo";Brasil;"Olist Envios Pax";"Nuvem Pago";;;;28/05/2026;05/06/2026;"Calça Reta Jeans - Dirty (Dirty, 36)";579;1;ROSIE-CRJ-DT-36;Mobile;"=""P0XA4HT2JLRGZU""";4417296145;1981888351;Sim;;;;;;Não;;;23.45;4;47.36;;508.19;"Cartão de crédito";"Mastercard ****7353";"28/05/2026 21:46:41";;;https://lojarosie2.lojavirtualnuvem.com.br/admin/orders/1981888351;
152;mariaepnl@gmail.com;"28/05/2026 20:22:07";Aberto;Confirmado;Entregue;BRL;119;5.95;10.86;123.91;"Maria Eduarda Lazarte";05353433106;+5561991764595;"Maria Eduarda Lazarte";+5561991764595;"Rua Muribeca";143;"Casa 4";"Cidade Jardim";"São Paulo";05676080;"São Paulo";Brasil;"Olist Envios Pax";"Nuvem Pago";;;;28/05/2026;05/06/2026;"Regata Clássica Canelada Algodão (Mescla, P)";119;1;ROSIE-RCA-ME-P;Mobile;"=""P0XPD4SSSDWWLJ""";4417218299;1981831632;Sim;;;;;;Não;;;1.23;;;;122.68;Pix;;"28/05/2026 20:22:49";;"29/05/2026 20:23:06";https://lojarosie2.lojavirtualnuvem.com.br/admin/orders/1981831632;
151;mariaepnl@gmail.com;"28/05/2026 20:19:31";Aberto;Confirmado;Entregue;BRL;773;38.65;0;734.35;"Maria Eduarda Lazarte";05353433106;+5561991764595;"Maria Eduarda Lazarte";+5561991764595;"Rua Muribeca";143;"Casa 4";"Cidade Jardim";"São Paulo";05676080;"São Paulo";Brasil;"Olist Envios IMile";"Nuvem Pago";;;;28/05/2026;07/06/2026;"Mini Shorts Clássico Canelado Algodão (Off White, P)";99;1;ROSIE-MSC-OW-P;Mobile;"=""6060226705978""";4417215901;1981828137;Sim;;;;;;Não;;;7.27;;;;727.08;Pix;;"28/05/2026 20:20:22";;"29/05/2026 20:20:30";https://lojarosie2.lojavirtualnuvem.com.br/admin/orders/1981828137;
151;mariaepnl@gmail.com;;;;;;;;;;;;;;;;;;;;;;;;;;;;;;"Mini Shorts Clássico Canelado Algodão (Mescla, P)";99;1;ROSIE-MSC-ME-P;;;;;Sim;;;;;;;;;;;;;;;;;;;;
151;mariaepnl@gmail.com;;;;;;;;;;;;;;;;;;;;;;;;;;;;;;"Mini Shorts Clássico Canelado Algodão (Rosa, P)";99;1;ROSIE-MSC-RS-P;;;;;Sim;;;;;;;;;;;;;;;;;;;;
151;mariaepnl@gmail.com;;;;;;;;;;;;;;;;;;;;;;;;;;;;;;"Regata Clássica Canelada Algodão (Off White, P)";119;2;ROSIE-RCA-OW-P;;;;;Sim;;;;;;;;;;;;;;;;;;;;
151;mariaepnl@gmail.com;;;;;;;;;;;;;;;;;;;;;;;;;;;;;;"Regata Clássica Canelada Algodão (Mescla, P)";119;1;ROSIE-RCA-ME-P;;;;;Sim;;;;;;;;;;;;;;;;;;;;
151;mariaepnl@gmail.com;;;;;;;;;;;;;;;;;;;;;;;;;;;;;;"Regata Clássica Canelada Algodão (Rosa, P)";119;1;ROSIE-RCA-RS-P;;;;;Sim;;;;;;;;;;;;;;;;;;;;
150;kezia.ribeiro.barna11@gmail.com;"28/05/2026 15:48:10";Aberto;Confirmado;Entregue;BRL;297;0.00;15.24;312.24;"Kezia Barna";20238787729;+5521984126355;"Kezia Barna";+5521984126355;"Rua Barão de Ipanema";105;"apto 303";Copacabana;"Rio de Janeiro";22050031;"Rio de Janeiro";Brasil;"Olist Envios IMile";"Nuvem Pago";;;;28/05/2026;08/06/2026;"Calça Clássica - Canelada (Rosa, P)";297;1;ROSIE-CCC-RS-P;Mobile;"=""6060226466516""";4416890282;1981067614;Sim;;;;;;Não;;;12.81;3;21.95;;277.48;"Cartão de crédito";"Visa ****4250";"28/05/2026 15:48:13";;;https://lojarosie2.lojavirtualnuvem.com.br/admin/orders/1981067614;
149;itsbarbarafranco@gmail.com;"28/05/2026 13:00:36";Aberto;Confirmado;Entregue;BRL;119;0.00;13.66;132.66;"Barbara Franco";18282800708;+5521988849699;"Barbara Franco";+5521988849699;"Rua Floriano Fontoura";925;Casa;"Barra da Tijuca";"Rio de Janeiro";22793314;"Rio de Janeiro";Brasil;"Olist Envios IMile";"Nuvem Pago";;;;28/05/2026;08/06/2026;"Regata Clássica Canelada Algodão (Rosa, P)";119;1;ROSIE-RCA-RS-P;Mobile;"=""6060226142702""";4416681868;1981508157;Sim;;;;;;Não;;;5.64;1;;;127.02;"Cartão de crédito";"Mastercard ****8137";"28/05/2026 13:00:38";;;https://lojarosie2.lojavirtualnuvem.com.br/admin/orders/1981508157;
148;raqueltbarb@gmail.com;"28/05/2026 12:54:45";Aberto;Confirmado;Entregue;BRL;296;14.80;24.18;305.38;"Raquel Torres";20574967400;+5583991431578;"Raquel Torres";+5583991431578;"Rua Riachuelo";470;;Liberdade;"Campina Grande";58414140;Paraíba;Brasil;"Olist Envios J&T Express";"Nuvem Pago";;;;28/05/2026;08/06/2026;"Mini Shorts Clássico Canelado Algodão (Preta, PP)";99;1;ROSIE-MSC-PT-PP;Mobile;"=""888030741534596""";4416674821;1980710884;Sim;;;;;;Não;;;3.02;;;;302.36;Pix;;"28/05/2026 12:55:56";;"29/05/2026 12:55:44";https://lojarosie2.lojavirtualnuvem.com.br/admin/orders/1980710884;
148;raqueltbarb@gmail.com;;;;;;;;;;;;;;;;;;;;;;;;;;;;;;"Camiseta Clássica - Canelada (Preta, PP)";197;1;ROSIE-CMC-PT-PP;;;;;Sim;;;;;;;;;;;;;;;;;;;;
147;milenaleticiagarrido@gmail.com;"28/05/2026 10:02:37";Cancelado;Estornado;Enviado;BRL;358;0.00;33.84;391.84;"Milena Garrido";04349996281;;"Milena GARRIDO";;"Rua Alexandre Amorim";193;"Vila Resende casa 15";"Nossa Senhora Aparecida";Manaus;69010300;Amazonas;Brasil;"Olist Envios Jadlog";"Nuvem Pago";;;;;01/06/2026;"Camiseta Manga Longa Heat (Off White, P)";179;1;ROSIE-CML-OW-P;"Loja virtual";"=""10712103642448""";4416452041;1980027014;Sim;;;;"16/06/2026 21:05:03";"Estorno total";Não;;391.84;15.98;3;27.55;43.53;;"Cartão de crédito";"Visa ****5066";;"16/06/2026 21:05:03";;https://lojarosie2.lojavirtualnuvem.com.br/admin/orders/1980027014;
147;milenaleticiagarrido@gmail.com;;;;;;;;;;;;;;;;;;;;;;;;;;;;;;"Camiseta Manga Longa Heat (Preta, P)";179;1;ROSIE-CML-PT-P;;;;;Sim;;;;;;;;;;;;;;;;;;;;
146;leticiaprocaci@hotmail.com;"28/05/2026 04:32:11";Aberto;Confirmado;Entregue;BRL;198;9.90;15.28;203.38;"Letícia Procaci";18633461714;+5521998368143;"Letícia Procaci";+5521998368143;"Rua do Humaitá";207;"Apartamento 1008";Humaitá;"Rio de Janeiro";22261005;"Rio de Janeiro";Brasil;"Olist Envios J&T Express";"Nuvem Pago";;;;28/05/2026;03/06/2026;"Mini Shorts Clássico Canelado Algodão (Off White, PP)";99;1;ROSIE-MSC-OW-PP;Mobile;"=""888030736576044""";4416195101;1981261676;Sim;;;;;;Não;;;2.01;;;;201.37;Pix;;"28/05/2026 04:32:51";;"29/05/2026 04:33:09";https://lojarosie2.lojavirtualnuvem.com.br/admin/orders/1981261676;
146;leticiaprocaci@hotmail.com;;;;;;;;;;;;;;;;;;;;;;;;;;;;;;"Mini Shorts Clássico Canelado Algodão (Preta, PP)";99;1;ROSIE-MSC-PT-PP;;;;;Sim;;;;;;;;;;;;;;;;;;;;
145;4561elisa@gmail.com;"28/05/2026 00:06:39";Aberto;Confirmado;Entregue;BRL;179;8.95;11.4;181.45;"Elisa wang";24227710847;+5511993888801;"Elisa wang";+5511993888801;"Rua Pelotas";202;113;"Vila Mariana";"São Paulo";04012000;"São Paulo";Brasil;"Olist Envios Pax";"Nuvem Pago";;;;28/05/2026;02/06/2026;"Camiseta Manga Longa Heat (Preta, PP)";179;1;ROSIE-CML-PT-PP;Mobile;"=""P0X4LZ4T8DEEB9""";4416141669;1981196258;Sim;;;;;;Não;;;1.80;;;;179.65;Pix;;"28/05/2026 00:08:18";;"29/05/2026 00:07:38";https://lojarosie2.lojavirtualnuvem.com.br/admin/orders/1981196258;
144;anabeatrizserfaty@gmail.com;"27/05/2026 22:42:45";Aberto;Confirmado;Entregue;BRL;258;0.00;16.1;274.1;"Ana Serfaty";60693720778;+5521992871438;"Ana Serfaty";+5521992871438;"Avenida Afrânio de Melo Franco";20;Cob;Leblon;"Rio de Janeiro";22430060;"Rio de Janeiro";Brasil;"Olist Envios J&T Express";"Nuvem Pago";;;;27/05/2026;03/06/2026;"Regata Reta - Canelada (Off White, M)";129;1;ROSIE-RRC-OW-M;Mobile;"=""888030733703372""";4416100053;1981159718;Sim;;;;;;Não;;;11.29;2;15.77;;247.04;"Cartão de crédito";"Mastercard ****0418";"27/05/2026 22:42:47";;;https://lojarosie2.lojavirtualnuvem.com.br/admin/orders/1981159718;
144;anabeatrizserfaty@gmail.com;;;;;;;;;;;;;;;;;;;;;;;;;;;;;;"Regata Reta - Canelada (Preta, M)";129;1;ROSIE-RRC-PT-M;;;;;Sim;;;;;;;;;;;;;;;;;;;;
143;professorafabricia@hotmail.com;"27/05/2026 21:17:12";Aberto;Confirmado;Entregue;BRL;593;29.65;0;563.35;"Fabricia Novaretti";02280896702;+5527992776422;"Fabricia Novaretti";+5527992776422;"Rodovia do Sol";21;"  Jardins veneza qda 3 lote 1";Interlagos;"Vila Velha";29129640;"Espírito Santo";Brasil;"Olist Envios J&T Express";"Nuvem Pago";;;;27/05/2026;06/06/2026;"Calça Clássica Canelada (Preta, P)";297;1;ROSIE-CCC-PT-P;Mobile;"=""888030736916402""";4416032838;1981089252;Sim;;;;;;Não;;;5.58;;;;557.77;Pix;;"27/05/2026 21:18:19";;"28/05/2026 21:18:11";https://lojarosie2.lojavirtualnuvem.com.br/admin/orders/1981089252;
143;professorafabricia@hotmail.com;;;;;;;;;;;;;;;;;;;;;;;;;;;;;;"Mini Shorts Clássico Canelado Algodão (Rosa, PP)";99;1;ROSIE-MSC-RS-PP;;;;;Sim;;;;;;;;;;;;;;;;;;;;
143;professorafabricia@hotmail.com;;;;;;;;;;;;;;;;;;;;;;;;;;;;;;"Camiseta Clássica Canelada (Rosa, PP)";197;1;ROSIE-CMC-RS-PP;;;;;Sim;;;;;;;;;;;;;;;;;;;;
142;papavazsampaio@gmail.com;"27/05/2026 19:58:14";Aberto;Confirmado;Entregue;BRL;691;34.55;0;656.45;"Giovanna Papa";12134136723;;"Giovanna Papa";;"Rua República do Peru";239;504;Copacabana;"Rio de Janeiro";22021040;"Rio de Janeiro";Brasil;"Olist Envios J&T Express";"Nuvem Pago";;;;27/05/2026;03/06/2026;"Camiseta Clássica Canelada (Rosa, M)";197;1;ROSIE-CMC-RS-M;Mobile;"=""888030735680636""";4415958387;1981030469;Sim;;;;;;Não;;;6.50;;;;649.95;Pix;;"27/05/2026 19:59:11";;"28/05/2026 19:59:13";https://lojarosie2.lojavirtualnuvem.com.br/admin/orders/1981030469;
142;papavazsampaio@gmail.com;;;;;;;;;;;;;;;;;;;;;;;;;;;;;;"Calça Clássica Canelada (Mescla, M)";297;1;ROSIE-CCC-ME-M;;;;;Sim;;;;;;;;;;;;;;;;;;;;
142;papavazsampaio@gmail.com;;;;;;;;;;;;;;;;;;;;;;;;;;;;;;"Camiseta Clássica Canelada (Mescla, M)";197;1;ROSIE-CMC-ME-M;;;;;Sim;;;;;;;;;;;;;;;;;;;;
141;isa04bellalee@gmail.com;"27/05/2026 16:50:36";Aberto;Confirmado;Entregue;BRL;160;8.00;11.22;163.22;"Isabella Lee";55043791802;;"Isabella Lee";;"Rua Rodrigo Cláudio";308;"ap 102";Aclimação;"São Paulo";01532020;"São Paulo";Brasil;"Olist Envios Pax";"Nuvem Pago";;;;27/05/2026;02/06/2026;"Camiseta Manga Longa Heat (Off White, M)";160;1;ROSIE-CML-OW-M;Mobile;"=""P0XSYNF1EWUCRM""";4415739339;1980901899;Sim;;;;;;Não;;;1.62;;;;161.60;Pix;;"27/05/2026 16:51:32";;"28/05/2026 16:51:34";https://lojarosie2.lojavirtualnuvem.com.br/admin/orders/1980901899;
140;leticiaabcamargo@gmail.com;"27/05/2026 13:36:56";Aberto;Confirmado;Entregue;BRL;297;0.00;17.54;314.54;"Andréa Bergonci";02146390026;+5554996522102;"Andréa Bergonci";+5554996522102;"Avenida dos Cubanos";114;"Apto 1005";Partenon;"Porto Alegre";91530040;"Rio Grande do Sul";Brasil;"Olist Envios J&T Express";"Nuvem Pago";;;;27/05/2026;05/06/2026;"Calça Clássica Canelada (Preta, P)";297;1;ROSIE-CCC-PT-P;Mobile;"=""888030731136065""";4415523483;1980764662;Sim;;;;;;Não;;;12.90;2;18.10;;283.54;"Cartão de crédito";"Mastercard ****7066";"27/05/2026 13:37:00";;;https://lojarosie2.lojavirtualnuvem.com.br/admin/orders/1980764662;
139;isabeladzierwa@gmail.com;"27/05/2026 12:46:19";Aberto;Confirmado;Entregue;BRL;1170.96;0.00;0;1170.96;"Isabela Lima";06990763906;+5541996866717;"Isabela Lima";+5541996866717;"Rua Quatá";804;"ap 151";"Vila Olímpia";"São Paulo";04546044;"São Paulo";Brasil;"Olist Envios Pax";"Nuvem Pago";;;;27/05/2026;02/06/2026;"Calça Clássica Canelada (Preta, P)";297;1;ROSIE-CCC-PT-P;Mobile;"=""P0XXK0WF0BJOST""";4415466885;1980729693;Sim;;;;;;Não;;;47.07;1;;;1123.89;"Cartão de crédito";"Mastercard ****1719";"27/05/2026 12:46:23";;;https://lojarosie2.lojavirtualnuvem.com.br/admin/orders/1980729693;
139;isabeladzierwa@gmail.com;;;;;;;;;;;;;;;;;;;;;;;;;;;;;;"Camiseta Clássica Canelada (Preta, P)";197;1;ROSIE-CMC-PT-P;;;;;Sim;;;;;;;;;;;;;;;;;;;;
139;isabeladzierwa@gmail.com;;;;;;;;;;;;;;;;;;;;;;;;;;;;;;"Camiseta Clássica Canelada (Off White, P)";197;1;ROSIE-CMC-OW-P;;;;;Sim;;;;;;;;;;;;;;;;;;;;
139;isabeladzierwa@gmail.com;;;;;;;;;;;;;;;;;;;;;;;;;;;;;;"Regata Clássica Canelada Algodão (Rosa, P)";119.99;1;ROSIE-RCA-RS-P;;;;;Sim;;;;;;;;;;;;;;;;;;;;
139;isabeladzierwa@gmail.com;;;;;;;;;;;;;;;;;;;;;;;;;;;;;;"Regata Clássica Canelada Algodão (Preta, P)";119.99;1;ROSIE-RCA-PT-P;;;;;Sim;;;;;;;;;;;;;;;;;;;;
139;isabeladzierwa@gmail.com;;;;;;;;;;;;;;;;;;;;;;;;;;;;;;"Regata Clássica Canelada Algodão (Off White, P)";119.99;2;ROSIE-RCA-OW-P;;;;;Sim;;;;;;;;;;;;;;;;;;;;
138;dudajordan345@gmail.com;"27/05/2026 10:15:44";Aberto;Confirmado;Entregue;BRL;297;14.85;12.46;294.61;"Duda Jordan";54168487822;;"Duda Jordan";;"Alameda Franca";660;"Apto 2";"Jardim Paulista";"São Paulo";01422002;"São Paulo";Brasil;"Olist Envios Pax";"Nuvem Pago";;;;27/05/2026;29/05/2026;"Regata Clássica Paetê (P)";297;1;ROSIE-RCP-P;Mobile;"=""P0X03TDPCKO08K""";4415288606;1980617969;Sim;;;;;;Não;;;2.92;;;;291.69;Pix;;"27/05/2026 10:20:46";;"28/05/2026 10:16:42";https://lojarosie2.lojavirtualnuvem.com.br/admin/orders/1980617969;
137;dudacervieri@gmail.com;"26/05/2026 23:52:03";Aberto;Confirmado;Entregue;BRL;494;0.00;0;494;"Maria Eduarda Cervieri";48951478866;;"Maria Eduarda cervieri";;"Avenida Campos de Jordão";335;;Tamboré;Barueri;06458252;"São Paulo";Brasil;"Olist Envios Pax";"Nuvem Pago";;;;26/05/2026;29/05/2026;"Calça Clássica Canelada (Off White, M)";297;1;ROSIE-CCC-OW-M;Mobile;"=""P0XSN2CEE0LJ8O""";4414959609;1980435313;Sim;;;;;;Não;;;20.06;3;34.74;;439.20;"Cartão de crédito";"Amex ****0859";"26/05/2026 23:52:06";;;https://lojarosie2.lojavirtualnuvem.com.br/admin/orders/1980435313;
137;dudacervieri@gmail.com;;;;;;;;;;;;;;;;;;;;;;;;;;;;;;"Camiseta Clássica Canelada (Off White, P)";197;1;ROSIE-CMC-OW-P;;;;;Sim;;;;;;;;;;;;;;;;;;;;
136;isabellalinard@gmail.com;"26/05/2026 23:25:12";Aberto;Confirmado;Entregue;BRL;320;16.00;12.68;316.68;"Isabella Linard";52578241830;;"Isabella linard";;"Rua Teixeira da Silva";393;"apto 122";Paraíso;"São Paulo";04002031;"São Paulo";Brasil;"Olist Envios Pax";"Nuvem Pago";;;;26/05/2026;29/05/2026;"Camiseta Manga Longa Heat (Off White, P)";160;1;ROSIE-CML-OW-P;Mobile;"=""P0XSFPDN6KR1SP""";4414943357;1980004892;Sim;;;;;;Não;;;3.14;;;;313.54;Pix;;"26/05/2026 23:26:37";;"27/05/2026 23:26:11";https://lojarosie2.lojavirtualnuvem.com.br/admin/orders/1980004892;
136;isabellalinard@gmail.com;;;;;;;;;;;;;;;;;;;;;;;;;;;;;;"Camiseta Manga Longa Heat (Preta, P)";160;1;ROSIE-CML-PT-P;;;;;Sim;;;;;;;;;;;;;;;;;;;;
135;luma.b.gabreu@gmail.com;"26/05/2026 22:55:05";Aberto;Confirmado;Entregue;BRL;1882;94.10;0;1787.9;"Luma abreu";42949078869;;"Luma abreu";;"Rua Correia Dias";475;"apt 113";Paraíso;"São Paulo";04104001;"São Paulo";Brasil;"Olist Envios Pax";"Nuvem Pago";;;;26/05/2026;29/05/2026;"Calça Clássica Canelada (Preta, PP)";297;1;ROSIE-CCC-PT-PP;Mobile;"=""P0XT9BG0LKC2Q3""";4414922353;1980398230;Sim;;;;;;Não;;;17.70;;;;1770.20;Pix;;"26/05/2026 22:55:27";;"27/05/2026 22:56:04";https://lojarosie2.lojavirtualnuvem.com.br/admin/orders/1980398230;
135;luma.b.gabreu@gmail.com;;;;;;;;;;;;;;;;;;;;;;;;;;;;;;"Calça Clássica Canelada (Off White, PP)";297;1;ROSIE-CCC-OW-PP;;;;;Sim;;;;;;;;;;;;;;;;;;;;
135;luma.b.gabreu@gmail.com;;;;;;;;;;;;;;;;;;;;;;;;;;;;;;"Camiseta Clássica Canelada (Preta, PP)";197;1;ROSIE-CMC-PT-PP;;;;;Sim;;;;;;;;;;;;;;;;;;;;
135;luma.b.gabreu@gmail.com;;;;;;;;;;;;;;;;;;;;;;;;;;;;;;"Camiseta Clássica Canelada (Off White, PP)";197;1;ROSIE-CMC-OW-PP;;;;;Sim;;;;;;;;;;;;;;;;;;;;
135;luma.b.gabreu@gmail.com;;;;;;;;;;;;;;;;;;;;;;;;;;;;;;"Set Clássico Regata Shorts (Hot Pink, PP)";357;1;ROSIE-SRS-HP-PP;;;;;Sim;;;;;;;;;;;;;;;;;;;;
135;luma.b.gabreu@gmail.com;;;;;;;;;;;;;;;;;;;;;;;;;;;;;;"Set Clássico Regata Shorts (Electric Blue, PP)";357;1;ROSIE-SRS-EB-PP;;;;;Sim;;;;;;;;;;;;;;;;;;;;
135;luma.b.gabreu@gmail.com;;;;;;;;;;;;;;;;;;;;;;;;;;;;;;"Camiseta Boxer Pima (Preta, P)";180;1;ROSIE-CBP-PT-P;;;;;Sim;;;;;;;;;;;;;;;;;;;;
134;luisaqueirozm@gmail.com;"26/05/2026 21:26:42";Aberto;Confirmado;Entregue;BRL;494;24.70;0;469.3;"Luisa Queiroz";75521512187;;"Luisa Queiroz";;"Rua Humberto I";962;"apto 64";"Vila Mariana";"São Paulo";04018033;"São Paulo";Brasil;"Olist Envios Pax";"Nuvem Pago";;;;26/05/2026;29/05/2026;"Camiseta Clássica Canelada (Mescla, P)";197;1;ROSIE-CMC-ME-P;Mobile;"=""P0XTK4OTFBPDDU""";4414822506;1980322026;Sim;;;;;;Não;;;4.65;;;;464.65;Pix;;"26/05/2026 21:27:16";;"27/05/2026 21:27:40";https://lojarosie2.lojavirtualnuvem.com.br/admin/orders/1980322026;
134;luisaqueirozm@gmail.com;;;;;;;;;;;;;;;;;;;;;;;;;;;;;;"Calça Clássica Canelada (Mescla, P)";297;1;ROSIE-CCC-ME-P;;;;;Sim;;;;;;;;;;;;;;;;;;;;
133;luisaqueirozm@gmail.com;"26/05/2026 21:16:13";Aberto;Confirmado;Entregue;BRL;219.98;11.00;11.78;220.76;"Luisa Queiroz";75521512187;;"Luisa Queiroz";;"Rua Humberto I";962;"apto 64";"Vila Mariana";"São Paulo";04018033;"São Paulo";Brasil;"Olist Envios Pax";"Nuvem Pago";;;;26/05/2026;29/05/2026;"Regata Clássica Canelada Algodão (Rosa, P)";119.99;1;ROSIE-RCA-RS-P;Mobile;"=""P0X2AOHHK5FMYK""";4414807927;1980318876;Sim;;;;;;Não;;;2.19;;;;218.57;Pix;;"26/05/2026 21:18:36";;"27/05/2026 21:17:11";https://lojarosie2.lojavirtualnuvem.com.br/admin/orders/1980318876;
133;luisaqueirozm@gmail.com;;;;;;;;;;;;;;;;;;;;;;;;;;;;;;"Mini Shorts Clássico Canelado Algodão (Rosa, P)";99.99;1;ROSIE-MSC-RS-P;;;;;Sim;;;;;;;;;;;;;;;;;;;;
132;sophia18brito@gmail.com;"26/05/2026 21:08:54";Aberto;Confirmado;Entregue;BRL;580;0.00;0;580;"Sophia Marinho";09651031107;;"Sophia Marinho";;"Quadra 204";SN;"Res. Quattro Mirante  1801 B";"Sul (Águas Claras)";Brasília;71939540;"Distrito Federal";Brasil;"Olist Envios Correios SEDEX";"Nuvem Pago";;;;26/05/2026;30/05/2026;"Calça Reta Jeans - Dirty (Dirty, 38)";580;1;ROSIE-CRJ-DT-38;Mobile;"=""AD501944858BR""";4414797554;1980307177;Sim;;;;;;Não;;;23.49;5;55.06;;501.45;"Cartão de crédito";"Mastercard ****9121";"26/05/2026 21:10:38";;;https://lojarosie2.lojavirtualnuvem.com.br/admin/orders/1980307177;
131;fefe.moreira882@gmail.com;"26/05/2026 19:42:18";Aberto;Confirmado;Entregue;BRL;119.99;6.00;14.24;128.23;"Maria Fernanda Moreira do Nascimento";19659239769;;"Maria Fernanda Moreira do Nascimento";;"Rua São Francisco Xavier";318;"Ap. 301";Maracanã;"Rio de Janeiro";20550013;"Rio de Janeiro";Brasil;"Olist Envios J&T Express";"Nuvem Pago";;;;26/05/2026;01/06/2026;"Regata Clássica Canelada Algodão (Mescla, G)";119.99;1;ROSIE-RCA-ME-G;Mobile;"=""888030734550089""";4414687122;1980210149;Sim;;;;;;Não;;;1.27;;;;126.96;Pix;;"26/05/2026 19:43:03";;"27/05/2026 19:43:17";https://lojarosie2.lojavirtualnuvem.com.br/admin/orders/1980210149;
130;annyreginato43@gmail.com;"26/05/2026 18:17:33";Aberto;Confirmado;Entregue;BRL;320;16.00;18.7;322.7;"Anny Reginato";45615817828;;"Anny Reginato";;"Rua Espanha";695;;"Jardim Europa";Itapeva;18406410;"São Paulo";Brasil;"Olist Envios J&T Express";"Nuvem Pago";;;;26/05/2026;30/05/2026;"Camiseta Manga Longa Heat (Preta, P)";160;1;ROSIE-CML-PT-P;Mobile;"=""888030734727174""";4414573322;1979990473;Sim;;;;;;Não;;;3.19;;;;319.51;Pix;;"26/05/2026 18:18:19";;"27/05/2026 18:18:31";https://lojarosie2.lojavirtualnuvem.com.br/admin/orders/1979990473;
130;annyreginato43@gmail.com;;;;;;;;;;;;;;;;;;;;;;;;;;;;;;"Camiseta Manga Longa Heat (Off White, P)";160;1;ROSIE-CML-OW-P;;;;;Sim;;;;;;;;;;;;;;;;;;;;
129;vivianne.netto@hotmail.com;"26/05/2026 17:56:02";Aberto;Confirmado;Entregue;BRL;656.97;0.00;0;656.97;"Vivianne Reis";45371115854;;"Vivianne Netto";;"Rua Doutor José Pereira de Queiros";47;"Apartamento 303";Higienópolis;"São Paulo";01241040;"São Paulo";Brasil;"Olist Envios Pax";"Nuvem Pago";;;;26/05/2026;29/05/2026;"Regata Clássica Canelada Algodão (Preta, P)";119.99;1;ROSIE-RCA-PT-P;Mobile;"=""P0XP0BEF0NP7F0""";4414545414;1980094258;Sim;;;;;;Não;;;26.56;6;70.12;;560.29;"Cartão de crédito";"Visa ****2310";"26/05/2026 17:56:06";;;https://lojarosie2.lojavirtualnuvem.com.br/admin/orders/1980094258;
129;vivianne.netto@hotmail.com;;;;;;;;;;;;;;;;;;;;;;;;;;;;;;"Regata Clássica Canelada Algodão (Mescla, P)";119.99;1;ROSIE-RCA-ME-P;;;;;Sim;;;;;;;;;;;;;;;;;;;;
129;vivianne.netto@hotmail.com;;;;;;;;;;;;;;;;;;;;;;;;;;;;;;"Regata Clássica Canelada Algodão (Rosa, P)";119.99;1;ROSIE-RCA-RS-P;;;;;Sim;;;;;;;;;;;;;;;;;;;;
129;vivianne.netto@hotmail.com;;;;;;;;;;;;;;;;;;;;;;;;;;;;;;"Calça Clássica Canelada (Preta, P)";297;1;ROSIE-CCC-PT-P;;;;;Sim;;;;;;;;;;;;;;;;;;;;
128;vciccotti@hotmail.com;"26/05/2026 17:08:09";Aberto;Confirmado;Entregue;BRL;297;0.00;12.46;309.46;"Vanessa Ciccotti";42444031830;;"Vanessa Ciccotti";;"Rua São Vicente de Paulo";705;"Ap 62";"Santa Cecília";"São Paulo";01229010;"São Paulo";Brasil;"Olist Envios Pax";"Nuvem Pago";;;;26/05/2026;29/05/2026;"Calça Clássica Canelada (Preta, M)";297;1;ROSIE-CCC-PT-M;Mobile;"=""P0XGCGTBLO1PRO""";4414493615;1980140718;Sim;;;;;;Não;;;12.70;2;17.81;;278.95;"Cartão de crédito";"Visa ****5473";"26/05/2026 17:08:13";;;https://lojarosie2.lojavirtualnuvem.com.br/admin/orders/1980140718;
127;heblingmelissa@gmail.com;"26/05/2026 15:46:17";Aberto;Confirmado;Entregue;BRL;580;29.00;0;551;"Melissa Hebling";44215865875;;"Melissa hebling";;"Rua Cachoeira Utupanema";174;"apto 13 bloco b";"Vila Carmosina";"São Paulo";08270140;"São Paulo";Brasil;"Olist Envios Loggi";"Nuvem Pago";;;;26/05/2026;29/05/2026;"Calça Reta Jeans - Escuro (Escuro, 34)";580;1;ROSIE-CRJ-ES-34;Mobile;"=""LCJ0EBYDKQ5OIN""";4414405129;1980083002;Sim;;;;;;Não;;;5.45;;;;545.55;Pix;;"26/05/2026 15:58:07";;"27/05/2026 15:47:16";https://lojarosie2.lojavirtualnuvem.com.br/admin/orders/1980083002;
126;anaclara9160@gmail.com;"26/05/2026 15:36:33";Aberto;Confirmado;Entregue;BRL;713.98;35.70;0;678.28;"Ana Clara";54493696893;;"Ana Clara";;"Rua 21 de Abril";1293;;Brás;"São Paulo";03047000;"São Paulo";Brasil;"Olist Envios Pax";"Nuvem Pago";;;;26/05/2026;02/06/2026;"Calça Clássica Canelada (Rosa, P)";297;1;ROSIE-CCC-RS-P;Mobile;"=""P0XM8P2ZEVWOEF""";4414394361;1980053603;Sim;;;;;;Não;;;6.71;;;;671.57;Pix;;"26/05/2026 15:37:04";;"27/05/2026 15:37:32";https://lojarosie2.lojavirtualnuvem.com.br/admin/orders/1980053603;
126;anaclara9160@gmail.com;;;;;;;;;;;;;;;;;;;;;;;;;;;;;;"Regata Clássica Canelada Algodão (Rosa, P)";119.99;1;ROSIE-RCA-RS-P;;;;;Sim;;;;;;;;;;;;;;;;;;;;
126;anaclara9160@gmail.com;;;;;;;;;;;;;;;;;;;;;;;;;;;;;;"Camiseta Clássica Canelada (Rosa, P)";197;1;ROSIE-CMC-RS-P;;;;;Sim;;;;;;;;;;;;;;;;;;;;
126;anaclara9160@gmail.com;;;;;;;;;;;;;;;;;;;;;;;;;;;;;;"Mini Shorts Clássico Canelado Algodão (Rosa, PP)";99.99;1;ROSIE-MSC-RS-PP;;;;;Sim;;;;;;;;;;;;;;;;;;;;
125;amanda.dass.mello@gmail.com;"26/05/2026 14:36:26";Aberto;Confirmado;"Não está embalado";BRL;357;17.85;13;352.15;"Amanda Mello";49414476890;;"Amanda Mello";;"Alameda Franca";910;"Apto 10";"Jardim Paulista";"São Paulo";01422001;"São Paulo";Brasil;"Olist Envios Pax";"Nuvem Pago";;;;26/05/2026;;"Camiseta Clássica Canelada (Preta, M)";197;1;ROSIE-CMC-PT-M;Mobile;"=""""";4414323763;1980030848;Sim;;;;;;Não;;;3.49;;;;348.66;Pix;;"26/05/2026 14:37:20";;"27/05/2026 14:37:25";https://lojarosie2.lojavirtualnuvem.com.br/admin/orders/1980030848;
125;amanda.dass.mello@gmail.com;;;;;;;;;;;;;;;;;;;;;;;;;;;;;;"Camiseta Manga Longa Heat (Preta, M)";160;1;ROSIE-CML-PT-M;;;;;Sim;;;;;;;;;;;;;;;;;;;;
124;ines.godinho27@gmail.com;"26/05/2026 14:35:04";Aberto;Confirmado;Entregue;BRL;394;0.00;19.9;413.9;"Maria Godinho";03533681564;;"Maria Godinho";;"Rua Wanderley Pinho";243;"apt 602";Itaigara;Salvador;41815270;Bahia;Brasil;"Olist Envios J&T Express";"Nuvem Pago";;;;26/05/2026;01/06/2026;"Camiseta Clássica Canelada (Off White, P)";197;1;ROSIE-CMC-OW-P;Mobile;"=""888030732349102""";4414322045;1979993239;Sim;;;;;;Não;;;16.86;1;;;397.04;"Cartão de crédito";"Mastercard ****6874";"26/05/2026 14:35:08";;;https://lojarosie2.lojavirtualnuvem.com.br/admin/orders/1979993239;
124;ines.godinho27@gmail.com;;;;;;;;;;;;;;;;;;;;;;;;;;;;;;"Camiseta Clássica Canelada (Rosa, P)";197;1;ROSIE-CMC-RS-P;;;;;Sim;;;;;;;;;;;;;;;;;;;;
123;contato.affz@gmail.com;"26/05/2026 14:17:35";Aberto;Confirmado;Entregue;BRL;199.98;0.00;11.6;211.58;"Ana Carolina Ferraz";44863332840;;"Ana Carolina FERRAZ";;"Rua Barata Ribeiro";336;32;"Bela Vista";"São Paulo";01308000;"São Paulo";Brasil;"Olist Envios Pax";"Nuvem Pago";;;;26/05/2026;29/05/2026;"Mini Shorts Clássico Canelado Algodão (Preta, M)";99.99;1;ROSIE-MSC-PT-M;"Loja virtual";"=""P0XU2VLTT3SEMF""";4414301004;1979994174;Sim;;;;;;Não;;;8.79;1;;;202.79;"Cartão de crédito";"Mastercard ****5639";"26/05/2026 14:17:38";;;https://lojarosie2.lojavirtualnuvem.com.br/admin/orders/1979994174;
123;contato.affz@gmail.com;;;;;;;;;;;;;;;;;;;;;;;;;;;;;;"Mini Shorts Clássico Canelado Algodão (Preta, G)";99.99;1;ROSIE-MSC-PT-G;;;;;Sim;;;;;;;;;;;;;;;;;;;;
122;mejiasluiza@gmail.com;"26/05/2026 14:13:04";Aberto;Confirmado;Entregue;BRL;494;24.70;0;469.3;"Luiza Mejias";52753262896;;"Luiza Mejias";;"Rua Caiubi";321;"Aptp 22";Perdizes;"São Paulo";05010000;"São Paulo";Brasil;"Olist Envios Pax";"Nuvem Pago";;;;26/05/2026;29/05/2026;"Camiseta Clássica Canelada (Preta, M)";197;1;ROSIE-CMC-PT-M;Mobile;"=""P0XLDIV7GCGSLL""";4414295459;1980014003;Sim;;;;;;Não;;;4.65;;;;464.65;Pix;;"26/05/2026 14:15:49";;"27/05/2026 14:14:02";https://lojarosie2.lojavirtualnuvem.com.br/admin/orders/1980014003;
122;mejiasluiza@gmail.com;;;;;;;;;;;;;;;;;;;;;;;;;;;;;;"Calça Clássica Canelada (Preta, M)";297;1;ROSIE-CCC-PT-M;;;;;Sim;;;;;;;;;;;;;;;;;;;;
121;leticiakuertenn@gmail.com;"26/05/2026 14:07:49";Aberto;Confirmado;Entregue;BRL;297;14.85;17.4;299.55;"Leticia Kuerten pamplona da silva";10711594961;;"Leticia Kuerten pamplona da silva";;"Rua Esteves Júnior";522;"701 B";Centro;Florianópolis;88015130;"Santa Catarina";Brasil;"Olist Envios J&T Express";"Nuvem Pago";;;;26/05/2026;31/05/2026;"Calça Clássica Canelada (Preta, M)";297;1;ROSIE-CCC-PT-M;Mobile;"=""888030735460801""";4414289325;1980009827;Sim;;;;;;Não;;;2.97;;;;296.58;Pix;;"26/05/2026 14:08:42";;"27/05/2026 14:08:48";https://lojarosie2.lojavirtualnuvem.com.br/admin/orders/1980009827;
120;ramalhocarol490@gmail.com;"26/05/2026 14:06:53";Aberto;Confirmado;Entregue;BRL;360;0.00;17.5;377.5;"Carolina Martinez de Bacco Ramalho";19924174747;;"Carolina Martinez de Bacco Ramalho";;"Rua Marechal Jofre";67;"Apto 804";Grajaú;"Rio de Janeiro";20560180;"Rio de Janeiro";Brasil;"Olist Envios J&T Express";"Nuvem Pago";;;;26/05/2026;30/05/2026;"Camiseta Boxer Pima (Off White, M)";180;1;ROSIE-CBP-OW-M;Mobile;"=""888030735355767""";4414288129;1980008778;Sim;;;;;;Não;;;15.41;2;21.73;;340.36;"Cartão de crédito";"Mastercard ****4765";"26/05/2026 14:06:56";;;https://lojarosie2.lojavirtualnuvem.com.br/admin/orders/1980008778;
120;ramalhocarol490@gmail.com;;;;;;;;;;;;;;;;;;;;;;;;;;;;;;"Camiseta Boxer Pima (Off White, P)";180;1;ROSIE-CBP-OW-P;;;;;Sim;;;;;;;;;;;;;;;;;;;;
119;mariamb0304@icloud.com;"26/05/2026 13:56:05";Aberto;Confirmado;Entregue;BRL;534;26.70;0;507.3;"Maria Barros";04470151092;;"Maria Barros";;"Avenida Coronel Marcos";419;"Casa 9";"Pedra Redonda";"Porto Alegre";91760000;"Rio Grande do Sul";Brasil;"Olist Envios J&T Express";"Nuvem Pago";;;;26/05/2026;01/06/2026;"Calça Clássica Canelada (Preta, M)";297;1;ROSIE-CCC-PT-M;Mobile;"=""888030733223225""";4414275527;1980001304;Sim;;;;;;Não;;;5.02;;;;502.28;Pix;;"26/05/2026 13:57:14";;"27/05/2026 13:57:04";https://lojarosie2.lojavirtualnuvem.com.br/admin/orders/1980001304;
119;mariamb0304@icloud.com;;;;;;;;;;;;;;;;;;;;;;;;;;;;;;"Camiseta Clássica Canelada (Preta, M)";197;1;ROSIE-CMC-PT-M;;;;;Sim;;;;;;;;;;;;;;;;;;;;
119;mariamb0304@icloud.com;;;;;;;;;;;;;;;;;;;;;;;;;;;;;;"Faixa de Cabelo Canelada (Preta)";40;1;ROSIE-FCC-PT;;;;;Sim;;;;;;;;;;;;;;;;;;;;
118;brunnacoelhoalvesaraujo@gmail.com;"26/05/2026 13:49:28";Aberto;Confirmado;Entregue;BRL;833.98;0.00;0;833.98;"Brunna Coelho";49530252889;;"Brunna Coelho";;"Rua Solidônio Leite";1127;;"Vila Ivone";"São Paulo";03275000;"São Paulo";Brasil;"Olist Envios Pax";"Nuvem Pago";;;;26/05/2026;29/05/2026;"Calça Clássica Canelada (Preta, PP)";297;1;ROSIE-CCC-PT-PP;"Loja virtual";"=""P0XY9QKEFICP7D""";4414267996;1979988253;Sim;;;;;;Não;;;33.62;6;89.02;;711.34;"Cartão de crédito";"Mastercard ****5140";"26/05/2026 13:49:32";;;https://lojarosie2.lojavirtualnuvem.com.br/admin/orders/1979988253;
118;brunnacoelhoalvesaraujo@gmail.com;;;;;;;;;;;;;;;;;;;;;;;;;;;;;;"Calça Clássica Canelada (Rosa, PP)";297;1;ROSIE-CCC-RS-PP;;;;;Sim;;;;;;;;;;;;;;;;;;;;
118;brunnacoelhoalvesaraujo@gmail.com;;;;;;;;;;;;;;;;;;;;;;;;;;;;;;"Regata Clássica Canelada Algodão (Preta, PP)";119.99;1;ROSIE-RCA-PT-PP;;;;;Sim;;;;;;;;;;;;;;;;;;;;
118;brunnacoelhoalvesaraujo@gmail.com;;;;;;;;;;;;;;;;;;;;;;;;;;;;;;"Regata Clássica Canelada Algodão (Rosa, PP)";119.99;1;ROSIE-RCA-RS-PP;;;;;Sim;;;;;;;;;;;;;;;;;;;;
117;sg7141128@gmail.com;"26/05/2026 13:45:25";Aberto;Confirmado;Entregue;BRL;988;0.00;0;988;"Sophia bouziani";14079039930;;"Sophia bouziani";;"Rua Walter da Silva Koerich";150;Ap1101;Kobrasol;"São José";88101370;"Santa Catarina";Brasil;"Olist Envios Correios SEDEX";"Nuvem Pago";;;;26/05/2026;01/06/2026;"Calça Clássica Canelada (Mescla, P)";297;1;ROSIE-CCC-ME-P;Mobile;"=""AD501744539BR""";4414263357;1979992495;Sim;;;;;;Não;;;39.77;1;;;948.23;"Cartão de crédito";"Visa ****4686";"26/05/2026 13:45:27";;;https://lojarosie2.lojavirtualnuvem.com.br/admin/orders/1979992495;
117;sg7141128@gmail.com;;;;;;;;;;;;;;;;;;;;;;;;;;;;;;"Calça Clássica Canelada (Rosa, P)";297;1;ROSIE-CCC-RS-P;;;;;Sim;;;;;;;;;;;;;;;;;;;;
117;sg7141128@gmail.com;;;;;;;;;;;;;;;;;;;;;;;;;;;;;;"Camiseta Clássica Canelada (Rosa, P)";197;1;ROSIE-CMC-RS-P;;;;;Sim;;;;;;;;;;;;;;;;;;;;
117;sg7141128@gmail.com;;;;;;;;;;;;;;;;;;;;;;;;;;;;;;"Camiseta Clássica Canelada (Mescla, P)";197;1;ROSIE-CMC-ME-P;;;;;Sim;;;;;;;;;;;;;;;;;;;;
116;contato.maluborgesm@gmail.com;"26/05/2026 13:42:16";Aberto;Confirmado;Entregue;BRL;1099.9;55.00;0;1044.9;"Maria luiza Borges";17988222708;;"Maria luiza Borges";;"Avenida Rachel de Queiroz";90;"Condomínio Del lago ";"Barra da Tijuca";"Rio de Janeiro";22793100;"Rio de Janeiro";Brasil;"Olist Envios Correios SEDEX";"Nuvem Pago";;;;26/05/2026;30/05/2026;"Mini Shorts Clássico Canelado Algodão (Off White, G)";99.99;1;ROSIE-MSC-OW-G;Mobile;"=""AD501744511BR""";4414259596;1979990994;Sim;;;;;;Não;;;10.34;;;;1034.56;Pix;;"26/05/2026 13:55:11";;"27/05/2026 13:43:14";https://lojarosie2.lojavirtualnuvem.com.br/admin/orders/1979990994;
116;contato.maluborgesm@gmail.com;;;;;;;;;;;;;;;;;;;;;;;;;;;;;;"Mini Shorts Clássico Canelado Algodão (Preta, G)";99.99;1;ROSIE-MSC-PT-G;;;;;Sim;;;;;;;;;;;;;;;;;;;;
116;contato.maluborgesm@gmail.com;;;;;;;;;;;;;;;;;;;;;;;;;;;;;;"Mini Shorts Clássico Canelado Algodão (Rosa, G)";99.99;2;ROSIE-MSC-RS-G;;;;;Sim;;;;;;;;;;;;;;;;;;;;
116;contato.maluborgesm@gmail.com;;;;;;;;;;;;;;;;;;;;;;;;;;;;;;"Mini Shorts Clássico Canelado Algodão (Amarela, G)";99.99;1;ROSIE-MSC-AM-G;;;;;Sim;;;;;;;;;;;;;;;;;;;;
116;contato.maluborgesm@gmail.com;;;;;;;;;;;;;;;;;;;;;;;;;;;;;;"Regata Clássica Canelada Algodão (Rosa, G)";119.99;2;ROSIE-RCA-RS-G;;;;;Sim;;;;;;;;;;;;;;;;;;;;
116;contato.maluborgesm@gmail.com;;;;;;;;;;;;;;;;;;;;;;;;;;;;;;"Regata Clássica Canelada Algodão (Preta, G)";119.99;1;ROSIE-RCA-PT-G;;;;;Sim;;;;;;;;;;;;;;;;;;;;
116;contato.maluborgesm@gmail.com;;;;;;;;;;;;;;;;;;;;;;;;;;;;;;"Regata Clássica Canelada Algodão (Amarela, G)";119.99;1;ROSIE-RCA-AM-G;;;;;Sim;;;;;;;;;;;;;;;;;;;;
116;contato.maluborgesm@gmail.com;;;;;;;;;;;;;;;;;;;;;;;;;;;;;;"Regata Clássica Canelada Algodão (Off White, G)";119.99;1;ROSIE-RCA-OW-G;;;;;Sim;;;;;;;;;;;;;;;;;;;;
115;mgainogrilo@gmail.com;"26/05/2026 13:37:42";Aberto;Confirmado;Entregue;BRL;674;0.00;0;674;"Maria Grilo";54503592840;;"Maria Grilo";;"Rua Domingos Lopes da Silva";329;Apto82;"Vila Suzana";"São Paulo";05641030;"São Paulo";Brasil;"Olist Envios Pax";"Nuvem Pago";;;;26/05/2026;29/05/2026;"Calça Clássica Canelada (Preta, M)";297;1;ROSIE-CCC-PT-M;Mobile;"=""P0XSJGX4HWKD30""";4414254254;1979985259;Sim;;;;;;Não;;;27.24;3;47.41;;599.35;"Cartão de crédito";"Visa ****4284";"26/05/2026 13:37:46";;;https://lojarosie2.lojavirtualnuvem.com.br/admin/orders/1979985259;
115;mgainogrilo@gmail.com;;;;;;;;;;;;;;;;;;;;;;;;;;;;;;"Camiseta Boxer Pima (Off White, P)";180;1;ROSIE-CBP-OW-P;;;;;Sim;;;;;;;;;;;;;;;;;;;;
115;mgainogrilo@gmail.com;;;;;;;;;;;;;;;;;;;;;;;;;;;;;;"Camiseta Clássica Canelada (Preta, M)";197;1;ROSIE-CMC-PT-M;;;;;Sim;;;;;;;;;;;;;;;;;;;;
114;marina.redi@icloud.com;"26/05/2026 13:37:34";Aberto;Confirmado;Entregue;BRL;219.98;11.00;15.26;224.24;"Marina Berti";13885943905;;"Marina Berti";;"Rua Major Francisco Hardy";220;"Casa 18";"Campo Comprido";Curitiba;81230164;Paraná;Brasil;"Olist Envios J&T Express";"Nuvem Pago";;;;26/05/2026;31/05/2026;"Mini Shorts Clássico Canelado Algodão (Marrom, P)";99.99;1;ROSIE-MSC-MR-P;Mobile;"=""888030730841308""";4414254122;1979983405;Sim;;;;;;Não;;;2.22;;;;222.02;Pix;;"26/05/2026 13:38:03";;"27/05/2026 13:38:33";https://lojarosie2.lojavirtualnuvem.com.br/admin/orders/1979983405;
114;marina.redi@icloud.com;;;;;;;;;;;;;;;;;;;;;;;;;;;;;;"Regata Clássica Canelada Algodão (Marrom, PP)";119.99;1;ROSIE-RCA-MR-PP;;;;;Sim;;;;;;;;;;;;;;;;;;;;
113;baumgartenmj@outlook.com;"26/05/2026 13:35:31";Aberto;Confirmado;Entregue;BRL;494;0.00;0;494;"maria julia Baumgarten busarello";00844135909;;"Maria Julia Baumgarten busarello";;"Rua das Fiandeiras";48;"Apt 123";"Vila Olímpia";"São Paulo";04545000;"São Paulo";Brasil;"Olist Envios Pax";"Nuvem Pago";;;;26/05/2026;29/05/2026;"Calça Clássica Canelada (Rosa, P)";297;1;ROSIE-CCC-RS-P;Mobile;"=""P0XVJNR643C7VF""";4414251775;1979983248;Sim;;;;;;Não;;;20.06;4;40.40;;433.54;"Cartão de crédito";"Visa ****3841";"26/05/2026 13:35:40";;;https://lojarosie2.lojavirtualnuvem.com.br/admin/orders/1979983248;
113;baumgartenmj@outlook.com;;;;;;;;;;;;;;;;;;;;;;;;;;;;;;"Camiseta Clássica Canelada (Rosa, P)";197;1;ROSIE-CMC-RS-P;;;;;Sim;;;;;;;;;;;;;;;;;;;;
112;marielice@hotmail.com;"26/05/2026 13:35:18";Aberto;Confirmado;Entregue;BRL;160;8.00;14.64;166.64;"Maria Alice Andreola";01799523667;;"Maria Alice Andreola";;"Rua Juvenal Melo Senra";52;202;Belvedere;"Belo Horizonte";30320660;"Minas Gerais";Brasil;"Olist Envios J&T Express";"Nuvem Pago";;;;26/05/2026;30/05/2026;"Camiseta Manga Longa Heat (Preta, M)";160;1;ROSIE-CML-PT-M;Mobile;"=""888030733633309""";4414251543;1979986781;Sim;;;;;;Não;;;1.65;;;;164.99;Pix;;"26/05/2026 13:36:06";;"27/05/2026 13:36:17";https://lojarosie2.lojavirtualnuvem.com.br/admin/orders/1979986781;
111;analuciaantonaccio@gmail.com;"25/05/2026 23:03:58";Cancelado;Estornado;Entregue;BRL;579;0.00;0;579;"Ana Lucia Antonaccio";00385788754;;"Ana Lucia Antonaccio";;"Alameda Casa Branca";939;"Apt 131";"Jardim Paulista";"São Paulo";01408001;"São Paulo";Brasil;"Olist Envios Pax";"Nuvem Pago";;;;;29/05/2026;"Calça Reta Jeans - Dirty (Dirty, 38)";579;1;ROSIE-CRJ-DT-38;Mobile;"=""P0XXANMORLB50Z""";4413649871;1979601748;Sim;;;;"16/06/2026 11:18:42";"Estorno total";Não;;579.00;23.45;5;54.97;78.42;;"Cartão de crédito";"Mastercard ****0138";;"16/06/2026 11:18:40";;https://lojarosie2.lojavirtualnuvem.com.br/admin/orders/1979601748;
110;rafaellabalan@hotmail.com;"25/05/2026 21:07:44";Aberto;Confirmado;Entregue;BRL;179;0.00;20;199;"Rafaella Balan";50220216843;;"Rafaella Balan";;"Rua Monte Alegre";1240;"ap 11";Perdizes;"São Paulo";05014001;"São Paulo";Brasil;"Custo e prazo de entrega padrão";"Nuvem Pago";;;;25/05/2026;16/06/2026;"Set Clássico Regata Shorts (Electric Blue, M)";179;1;ROSIE-SRS-EB-M;Mobile;"=""P0X5E2SU9OP36Q""";4413556385;1979503777;Sim;;;;;;Não;;;1.97;;;;197.03;Pix;;"25/05/2026 21:09:04";;"26/05/2026 21:08:43";https://lojarosie2.lojavirtualnuvem.com.br/admin/orders/1979503777;
109;millapflor@icloud.com;"25/05/2026 12:32:53";Aberto;Confirmado;Entregue;BRL;199.98;0.00;11.6;211.58;"Camilla Flor";06278172461;;"Camilla Flor";;"Alameda Itu";1401;"Ap 305";"Jardim Paulista";"São Paulo";01421005;"São Paulo";Brasil;"Olist Envios Pax";"Nuvem Pago";;;;25/05/2026;03/06/2026;"Mini Shorts Clássico Canelado (Off White, PP)";99.99;1;ROSIE-MSC-OW-PP;Mobile;"=""P0XLXN5AIAME5H""";4412933424;1979103331;Sim;;;;;;Não;;;8.79;2;12.17;;190.62;"Cartão de crédito";"Visa ****2608";"25/05/2026 12:32:56";;;https://lojarosie2.lojavirtualnuvem.com.br/admin/orders/1979103331;
109;millapflor@icloud.com;;;;;;;;;;;;;;;;;;;;;;;;;;;;;;"Mini Shorts Clássico Canelado (Mescla, PP)";99.99;1;ROSIE-MSC-ME-PP;;;;;Sim;;;;;;;;;;;;;;;;;;;;
108;davidnsouza@gmail.com;"21/05/2026 09:31:57";Cancelado;Estornado;"Não está embalado";BRL;99.99;98.99;10.68;11.68;"David Souza";05084364518;;"David Souza";;"Rua Haddock Lobo";1384;13;"Cerqueira César";"São Paulo";01414000;"São Paulo";Brasil;"Olist Envios Pax";"Nuvem Pago";TESTEDAVID3;;;;;"Mini Shorts Clássico Canelado (Off White, P)";99.99;1;ROSIE-MSC-OW-P;"Loja virtual";"=""""";4407463198;1976122168;Sim;;;;"25/05/2026 21:08:45";"Estorno total";Não;;11.68;0.12;;;0.12;;Pix;;;"25/05/2026 21:08:43";"22/05/2026 09:32:55";https://lojarosie2.lojavirtualnuvem.com.br/admin/orders/1976122168;
107;mariavsrlima@gmail.com;"20/05/2026 16:40:30";Aberto;"Parcialmente estornado";Entregue;BRL;1179.98;0.00;0;1179.98;"Maria Vitoria Ribeiro Lima";03506957503;+5571999600484;"Maria Vitoria Ribeiro Lima";+5571999600484;"Rua Jacques Félix";326;;"Vila Nova Conceição";"São Paulo";04509002;"São Paulo";Brasil;"Olist Envios Pax";"Nuvem Pago";;;;;25/05/2026;"Camiseta Boxer Pima (Off White, M)";180;1;ROSIE-CBP-OW-M;"Pedidos manuais";"=""""";4406671582;1975579842;Sim;"David Souza";;;;;Não;;580.00;47.43;2;67.97;56.72;541.30;"Cartão de crédito";"Visa ****2496";;"28/05/2026 14:24:08";;https://lojarosie2.lojavirtualnuvem.com.br/admin/orders/1975579842;
107;mariavsrlima@gmail.com;;;;;;;;;;;;;;;;;;;;;;;;;;;;;;"Camiseta Boxer Pima (Preta, M)";180;1;ROSIE-CBP-PT-M;;;;;Sim;;;;;;;;;;;;;;;;;;;;
107;mariavsrlima@gmail.com;;;;;;;;;;;;;;;;;;;;;;;;;;;;;;"Regata Clássica Canelada (Marrom, M)";119.99;1;ROSIE-RCA-MR-M;;;;;Sim;;;;;;;;;;;;;;;;;;;;
107;mariavsrlima@gmail.com;;;;;;;;;;;;;;;;;;;;;;;;;;;;;;"Regata Clássica Canelada (Amarela, M)";119.99;1;ROSIE-RCA-AM-M;;;;;Sim;;;;;;;;;;;;;;;;;;;;
107;mariavsrlima@gmail.com;;;;;;;;;;;;;;;;;;;;;;;;;;;;;;"Calça Reta Jeans - Dirty (Dirty, 40)";580;1;ROSIE-CRJ-DT-40;;;;;Sim;;;;;;;;;;;;;;;;;;;;
106;davidnsouza@gmail.com;"20/05/2026 11:12:50";Cancelado;Estornado;"Não está embalado";BRL;356.99;372.67;19.44;3.76;"David Souza";05084364518;;"David Souza";;"Rua da Graça";8;401;Graça;Salvador;40150055;Bahia;Brasil;"Olist Envios J&T Express";"Nuvem Pago";TESTEDAVID2;;;;;"Mini Shorts Clássico Canelado (Off White, M)";99.99;1;ROSIE-MSC-OW-M;"Loja virtual";"=""""";4406227223;1975350631;Sim;;;;"25/05/2026 21:09:22";"Estorno total";Não;;3.76;0.04;;;0.04;;Pix;;;"25/05/2026 21:09:21";"21/05/2026 11:13:49";https://lojarosie2.lojavirtualnuvem.com.br/admin/orders/1975350631;
106;davidnsouza@gmail.com;;;;;;;;;;;;;;;;;;;;;;;;;;;;;;"Mini Shorts Clássico Paetê (P)";257;1;ROSIE-MSP-P;;;;;Sim;;;;;;;;;;;;;;;;;;;;
105;davidnsouza@gmail.com;"20/05/2026 10:49:33";Aberto;Confirmado;"Não está embalado";BRL;416.99;412.82;20.22;24.39;"David Souza";05084364518;;"David Souza";;"Rua da Graça";8;"apt 401";Graça;Salvador;40150055;Bahia;Brasil;"Olist Envios J&T Express";"Nuvem Pago";TESTEDAVID;;;20/05/2026;;"Regata Clássica Canelada (Off White, G)";119.99;1;ROSIE-RCA-OW-G;"Loja virtual";"=""""";4406195587;1974868405;Sim;;;;;;Não;;;0.24;;;;24.15;Pix;;"20/05/2026 10:51:59";;"21/05/2026 10:50:32";https://lojarosie2.lojavirtualnuvem.com.br/admin/orders/1974868405;
105;davidnsouza@gmail.com;;;;;;;;;;;;;;;;;;;;;;;;;;;;;;"Regata Clássica Paetê (P)";297;1;ROSIE-RCP-P;;;;;Sim;;;;;;;;;;;;;;;;;;;;
104;mariamatourinho13@gmail.com;"08/05/2026 16:55:34";Aberto;Recusado;"Não está embalado";BRL;1482;296.40;0;1185.6;"Maria Maltez De Almeida Tourinho";04886300537;+5571999996093;"Maria Maltez De Almeida Tourinho";+5571999996093;"Largo da Vitória";162;"apt 1302";Vitória;Salvador;40081305;Bahia;Brasil;"Olist Envios Jadlog";"Nuvem Pago";DRAFT-ORDER-69FE3D58D4D582.636;;;;;"Calça Clássica Canelada (Off White, M)";297;1;ROSIE-CCC-OW-M;"Pedidos manuais";"=""""";4389143722;1964692139;Sim;"Bruno Vilas Boas";;;;;Não;;;;3;;;;"Cartão de crédito";"Mastercard ****0074";;;;https://lojarosie2.lojavirtualnuvem.com.br/admin/orders/1964692139;
104;mariamatourinho13@gmail.com;;;;;;;;;;;;;;;;;;;;;;;;;;;;;;"Calça Clássica Canelada (Mescla, M)";297;1;ROSIE-CCC-ME-M;;;;;Sim;;;;;;;;;;;;;;;;;;;;
104;mariamatourinho13@gmail.com;;;;;;;;;;;;;;;;;;;;;;;;;;;;;;"Calça Clássica Canelada (Preta, M)";297;1;ROSIE-CCC-PT-M;;;;;Sim;;;;;;;;;;;;;;;;;;;;
104;mariamatourinho13@gmail.com;;;;;;;;;;;;;;;;;;;;;;;;;;;;;;"Camiseta Clássica Canelada (Off White, P)";197;1;ROSIE-CMC-OW-P;;;;;Sim;;;;;;;;;;;;;;;;;;;;
104;mariamatourinho13@gmail.com;;;;;;;;;;;;;;;;;;;;;;;;;;;;;;"Camiseta Clássica Canelada (Mescla, P)";197;1;ROSIE-CMC-ME-P;;;;;Sim;;;;;;;;;;;;;;;;;;;;
104;mariamatourinho13@gmail.com;;;;;;;;;;;;;;;;;;;;;;;;;;;;;;"Camiseta Clássica Canelada (Preta, P)";197;1;ROSIE-CMC-PT-P;;;;;Sim;;;;;;;;;;;;;;;;;;;;
103;juliagomesazevedo@outlook.com;"08/05/2026 09:58:41";Aberto;Confirmado;Entregue;BRL;580;0.00;0;580;"Julia  Gomes de Azevedo";05471348516;+5573999496042;"Julia  Gomes de Azevedo";+5573999496042;"Alameda dos Aicás";1028;"Ed Sócrates Ap 84";Indianópolis;"São Paulo";04086002;"São Paulo";Brasil;"Olist Envios Pax";"Nuvem Pago";;;;08/05/2026;27/05/2026;"Calça Reta Jeans (Dirty, 36)";580;1;ROSIE-CRJ-DT-36;"Pedidos manuais";"=""""";4388525258;1963801322;Sim;"Bruno Vilas Boas";;;;;Não;;;23.49;5;55.06;;501.45;"Cartão de crédito";"Mastercard ****7590";"08/05/2026 09:58:44";;;https://lojarosie2.lojavirtualnuvem.com.br/admin/orders/1963801322;
102;manucallizo@hotmail.com;"07/05/2026 17:44:30";Aberto;Confirmado;Entregue;BRL;580;87.00;0;493;"Manuela Callizo Aranha de Sá";81789122520;+5571999960892;"Manuela  Callizo Aranha de Sá";+5571999960892;"Largo da Vitória";162;"Mansão Wildberger; ap: 4001";Vitória;Salvador;40081305;Bahia;Brasil;"Olist Envios J&T Express";"Nuvem Pago";DRAFT-ORDER-69FCE07FD8FAD1.498;;;07/05/2026;21/05/2026;"Calça Reta Jeans (Dirty, 34)";580;1;ROSIE-CRJ-DT-34;"Pedidos manuais";"=""""";4387627272;1963819791;Sim;"Bruno Vilas Boas";;;;;Não;;;20.02;4;40.32;;432.66;"Cartão de crédito";"Visa ****3685";"07/05/2026 17:44:35";;;https://lojarosie2.lojavirtualnuvem.com.br/admin/orders/1963819791;
101;juliagomesazevedo@outlook.com;"07/05/2026 15:23:38";Cancelado;Pendente;"Não está embalado";BRL;580;0.00;0;580;"Júlia  Gomes de Azevedo";05471348516;+5573999496042;"Júlia  Gomes de Azevedo";+5573999496042;"Alameda dos Aicás";1028;"Ed Sócrates Ap 84 ";Indianópolis;"São Paulo";04086002;"São Paulo";Brasil;"Entraremos em contato com você para combinar a entrega!";"Em espécie";;;;;;"Calça Reta Jeans (Dirty, 36)";580;1;ROSIE-CRJ-DT-36;"Pedidos manuais";"=""""";;1963795094;Sim;"Bruno Vilas Boas";;;"07/05/2026 15:24:55";"O cliente mudou de ideia";Não;;;;;;;;"A combinar";;;;;https://lojarosie2.lojavirtualnuvem.com.br/admin/orders/1963795094;
100;andrian_@hotmail.com;"27/04/2026 14:37:27";Aberto;Vencido;"Não está embalado";BRL;377;0.00;20.38;397.38;"Nathalia Andrian Reis";08895211901;;"Nathalia Andrian Reis";;"Rua José Raimundo de Magalhães";178;;"Jardim Europa";Sarandi;87111070;Paraná;Brasil;"Olist Envios Jadlog";"Nuvem Pago";;;;;;"Camiseta Boxer Pima (Preta, GG)";180;1;ROSIE-CBP-PT-GG;"Loja virtual";"=""""";4371889522;1948253838;Sim;;;;;;Não;;;;;;;;Pix;;;;"29/04/2026 14:38:25";https://lojarosie2.lojavirtualnuvem.com.br/admin/orders/1948253838;
100;andrian_@hotmail.com;;;;;;;;;;;;;;;;;;;;;;;;;;;;;;"Camiseta Clássica Canelada (Rosa, G)";197;1;ROSIE-CMC-RS-G;;;;;Sim;;;;;;;;;;;;;;;;;;;;
